19880712T,0.36,0.36,0.36,0.36,0.0
19890707T,0.26,0.26,0.26,0.26,0.0
19870807T,0.56,0.56,0.56,0.56,0.0
19880802T,0.45,0.45,0.45,0.45,0.0
19880809T,0.66,0.66,0.66,0.66,0.0
19890804T,0.52,0.52,0.52,0.52,0.0
19870904T,0.42,0.42,0.42,0.42,0.0
19870911T,0.5,0.5,0.5,0.5,0.0
19880906T,0.6,0.6,0.6,0.6,0.0
19890901T,0.53,0.53,0.53,0.53,0.0
19871002T,0.44,0.44,0.44,0.44,0.0
19871009T,0.46,0.46,0.46,0.46,0.0
19881004T,0.37,0.37,0.37,0.37,0.0
19881011T,0.39,0.39,0.39,0.39,0.0
19891006T,0.44,0.44,0.44,0.44,0.0
19871106T,0.47,0.47,0.47,0.47,0.0
19881101T,0.31,0.31,0.31,0.31,0.0
19881108T,0.39,0.39,0.39,0.39,0.0
19891103T,0.27,0.27,0.27,0.27,0.0
19871204T,0.25,0.25,0.25,0.25,0.0
19871211T,0.23,0.23,0.23,0.23,0.0
19881206T,0.33,0.33,0.33,0.33,0.0
19881212T,0.28,0.28,0.28,0.28,0.0
19891207T,0.25,0.25,0.25,0.25,0.0
19880108T,0.34,0.34,0.34,0.34,0.0
19890103T,0.34,0.34,0.34,0.34,0.0
19890110T,0.21,0.21,0.21,0.21,0.0
19900105T,0.26,0.26,0.26,0.26,0.0
19880205T,0.32,0.32,0.32,0.32,0.0
19880212T,0.32,0.32,0.32,0.32,0.0
19890207T,0.27,0.27,0.27,0.27,0.0
19900202T,0.3,0.3,0.3,0.3,0.0
19880304T,0.38,0.38,0.38,0.38,0.0
19880311T,0.43,0.43,0.43,0.43,0.0
19890306T,0.41,0.41,0.41,0.41,0.0
19900301T,0.45,0.45,0.45,0.45,0.0
19880401T,0.35,0.35,0.35,0.35,0.0
19880408T,0.33,0.33,0.33,0.33,0.0
19890403T,0.23,0.23,0.23,0.23,0.0
19890410T,0.23,0.23,0.23,0.23,0.0
19900405T,0.22,0.22,0.22,0.22,0.0
19880506T,0.38,0.38,0.38,0.38,0.0
19890501T,0.19,0.19,0.19,0.19,0.0
19890508T,0.23,0.23,0.23,0.23,0.0
19900503T,0.28,0.28,0.28,0.28,0.0
19880603T,0.26,0.26,0.26,0.26,0.0
19880610T,0.28,0.28,0.28,0.28,0.0
19890605T,0.29,0.29,0.29,0.29,0.0
19890612T,0.33,0.33,0.33,0.33,0.0
19880701T,0.45,0.45,0.45,0.45,0.0
19880708T,0.35,0.35,0.35,0.35,0.0
19890703T,0.26,0.26,0.26,0.26,0.0
19890710T,0.16,0.16,0.16,0.16,0.0
19900705T,0.23,0.23,0.23,0.23,0.0
19880805T,0.21,0.21,0.21,0.21,0.0
19880812T,0.26,0.26,0.26,0.26,0.0
19890807T,0.19,0.19,0.19,0.19,0.0
19900802T,0.28,0.28,0.28,0.28,0.0
19880902T,0.18,0.18,0.18,0.18,0.0
19880909T,0.17,0.17,0.17,0.17,0.0
19890904T,0.24,0.24,0.24,0.24,0.0
19890911T,0.2,0.2,0.2,0.2,0.0
19900906T,0.26,0.26,0.26,0.26,0.0
19881007T,0.13,0.13,0.13,0.13,0.0
19891002T,0.22,0.22,0.22,0.22,0.0
19891009T,0.26,0.26,0.26,0.26,0.0
19901004T,0.4,0.4,0.4,0.4,0.0
19881104T,0.35,0.35,0.35,0.35,0.0
19881111T,0.23,0.23,0.23,0.23,0.0
19891106T,0.3,0.3,0.3,0.3,0.0
19901101T,0.17,0.17,0.17,0.17,0.0
19881202T,0.19,0.19,0.19,0.19,0.0
19881209T,0.17,0.17,0.17,0.17,0.0
19891204T,0.24,0.24,0.24,0.24,0.0
19891211T,0.22,0.22,0.22,0.22,0.0
19901206T,0.24,0.24,0.24,0.24,0.0
19890106T,0.26,0.26,0.26,0.26,0.0
19900101T,0.36,0.36,0.36,0.36,0.0
19900108T,0.36,0.36,0.36,0.36,0.0
19910103T,0.32,0.32,0.32,0.32,0.0
19890203T,0.33,0.33,0.33,0.33,0.0
19890210T,0.43,0.43,0.43,0.43,0.0
19900205T,0.42,0.42,0.42,0.42,0.0
19900212T,0.29,0.29,0.29,0.29,0.0
19890303T,0.29,0.29,0.29,0.29,0.0
19890310T,0.13,0.13,0.13,0.13,0.0
19900305T,0.28,0.28,0.28,0.28,0.0
19900311T,0.29,0.29,0.29,0.29,0.0
19910307T,0.18,0.18,0.18,0.18,0.0
19890407T,0.23,0.23,0.23,0.23,0.0
19900402T,0.25,0.25,0.25,0.25,0.0
19900409T,0.21,0.21,0.21,0.21,0.0
19910404T,0.31,0.31,0.31,0.31,0.0
19890505T,0.3,0.3,0.3,0.3,0.0
19890512T,0.38,0.38,0.38,0.38,0.0
19900507T,0.43,0.43,0.43,0.43,0.0
19910502T,0.48,0.48,0.48,0.48,0.0
19890602T,0.42,0.42,0.42,0.42,0.0
19890609T,0.43,0.43,0.43,0.43,0.0
19900604T,0.32,0.32,0.32,0.32,0.0
19900611T,0.33,0.33,0.33,0.33,0.0
19910606T,0.4,0.4,0.4,0.4,0.0
19890707T,0.37,0.37,0.37,0.37,0.0
19900702T,0.22,0.22,0.22,0.22,0.0
19900709T,0.32,0.32,0.32,0.32,0.0
19910704T,0.41,0.41,0.41,0.41,0.0
19890804T,0.35,0.35,0.35,0.35,0.0
19890811T,0.53,0.53,0.53,0.53,0.0
19900806T,0.35,0.35,0.35,0.35,0.0
19910801T,0.45,0.45,0.45,0.45,0.0
19890901T,0.34,0.34,0.34,0.34,0.0
19890908T,0.3,0.3,0.3,0.3,0.0
19900903T,0.31,0.31,0.31,0.31,0.0
19900910T,0.24,0.24,0.24,0.24,0.0
19910905T,0.33,0.33,0.33,0.33,0.0
19891006T,0.24,0.24,0.24,0.24,0.0
19901001T,0.28,0.28,0.28,0.28,0.0
19901008T,0.39,0.39,0.39,0.39,0.0
19911003T,0.36,0.36,0.36,0.36,0.0
19891103T,0.37,0.37,0.37,0.37,0.0
19891110T,0.27,0.27,0.27,0.27,0.0
19901105T,0.24,0.24,0.24,0.24,0.0
19901110T,0.27,0.27,0.27,0.27,0.0
19891201T,0.28,0.28,0.28,0.28,0.0
19891208T,0.31,0.31,0.31,0.31,0.0
19901203T,0.42,0.42,0.42,0.42,0.0
19901210T,0.36,0.36,0.36,0.36,0.0
19911205T,0.35,0.35,0.35,0.35,0.0
19900105T,0.4,0.4,0.4,0.4,0.0
19900112T,0.45,0.45,0.45,0.45,0.0
19910107T,0.31,0.31,0.31,0.31,0.0
19920102T,0.24,0.24,0.24,0.24,0.0
19900202T,0.15,0.15,0.15,0.15,0.0
19900209T,0.19,0.19,0.19,0.19,0.0
19910204T,0.23,0.23,0.23,0.23,0.0
19910211T,0.24,0.24,0.24,0.24,0.0
19900302T,0.21,0.21,0.21,0.21,0.0
19900309T,0.22,0.22,0.22,0.22,0.0
19910304T,0.25,0.25,0.25,0.25,0.0
19910311T,0.37,0.37,0.37,0.37,0.0
19920306T,0.34,0.34,0.34,0.34,0.0
19900406T,0.38,0.38,0.38,0.38,0.0
19900412T,0.27,0.27,0.27,0.27,0.0
19910408T,0.34,0.34,0.34,0.34,0.0
19920403T,0.28,0.28,0.28,0.28,0.0
19900504T,0.2,0.2,0.2,0.2,0.0
19900511T,0.28,0.28,0.28,0.28,0.0
19910506T,0.37,0.37,0.37,0.37,0.0
19920501T,0.39,0.39,0.39,0.39,0.0
19900601T,0.37,0.37,0.37,0.37,0.0
19900608T,0.35,0.35,0.35,0.35,0.0
19910603T,0.43,0.43,0.43,0.43,0.0
19910610T,0.34,0.34,0.34,0.34,0.0
19920605T,0.31,0.31,0.31,0.31,0.0
19900706T,0.28,0.28,0.28,0.28,0.0
19910701T,0.4,0.4,0.4,0.4,0.0
19910708T,0.4,0.4,0.4,0.4,0.0
19920703T,0.52,0.52,0.52,0.52,0.0
19900803T,0.26,0.26,0.26,0.26,0.0
19900810T,0.25,0.25,0.25,0.25,0.0
19910805T,0.18,0.18,0.18,0.18,0.0
19910812T,0.25,0.25,0.25,0.25,0.0
19920807T,0.23,0.23,0.23,0.23,0.0
19900907T,0.33,0.33,0.33,0.33,0.0
19910902T,0.16,0.16,0.16,0.16,0.0
19910909T,0.13,0.13,0.13,0.13,0.0
19920904T,0.26,0.26,0.26,0.26,0.0
19901005T,0.15,0.15,0.15,0.15,0.0
19901012T,0.21,0.21,0.21,0.21,0.0
19911007T,0.13,0.13,0.13,0.13,0.0
19921002T,0.23,0.23,0.23,0.23,0.0
19901102T,0.2,0.2,0.2,0.2,0.0
19901109T,0.2,0.2,0.2,0.2,0.0
19911104T,0.12,0.12,0.12,0.12,0.0
19911109T,0.16,0.16,0.16,0.16,0.0
19921106T,0.22,0.22,0.22,0.22,0.0
19901207T,0.26,0.26,0.26,0.26,0.0
19911202T,0.31,0.31,0.31,0.31,0.0
19911209T,0.16,0.16,0.16,0.16,0.0
19921204T,0.3,0.3,0.3,0.3,0.0
19910104T,0.31,0.31,0.31,0.31,0.0
19910111T,0.22,0.22,0.22,0.22,0.0
19920106T,0.22,0.22,0.22,0.22,0.0
19930101T,0.25,0.25,0.25,0.25,0.0
19910201T,0.29,0.29,0.29,0.29,0.0
19910208T,0.36,0.36,0.36,0.36,0.0
19920203T,0.46,0.46,0.46,0.46,0.0
19920210T,0.57,0.57,0.57,0.57,0.0
19910301T,0.5,0.5,0.5,0.5,0.0
19910308T,0.5,0.5,0.5,0.5,0.0
19920303T,0.55,0.55,0.55,0.55,0.0
19920310T,0.42,0.42,0.42,0.42,0.0
19930305T,0.47,0.47,0.47,0.47,0.0
19910405T,0.58,0.58,0.58,0.58,0.0
19910412T,0.43,0.43,0.43,0.43,0.0
19920407T,0.39,0.39,0.39,0.39,0.0
19930402T,0.55,0.55,0.55,0.55,0.0
19910503T,0.39,0.39,0.39,0.39,0.0
19910510T,0.38,0.38,0.38,0.38,0.0
19920505T,0.42,0.42,0.42,0.42,0.0
19920512T,0.38,0.38,0.38,0.38,0.0
19930507T,0.42,0.42,0.42,0.42,0.0
19910607T,0.46,0.46,0.46,0.46,0.0
19920602T,0.47,0.47,0.47,0.47,0.0
19920609T,0.44,0.44,0.44,0.44,0.0
19930604T,0.28,0.28,0.28,0.28,0.0
19910703T,0.28,0.28,0.28,0.28,0.0
19910712T,0.41,0.41,0.41,0.41,0.0
19920707T,0.27,0.27,0.27,0.27,0.0
19930702T,0.35,0.35,0.35,0.35,0.0
19910802T,0.33,0.33,0.33,0.33,0.0
19910809T,0.26,0.26,0.26,0.26,0.0
19920804T,0.37,0.37,0.37,0.37,0.0
19920811T,0.32,0.32,0.32,0.32,0.0
19930806T,0.41,0.41,0.41,0.41,0.0
19910906T,0.36,0.36,0.36,0.36,0.0
19920901T,0.43,0.43,0.43,0.43,0.0
19920908T,0.32,0.32,0.32,0.32,0.0
19930903T,0.31,0.31,0.31,0.31,0.0
19911004T,0.35,0.35,0.35,0.35,0.0
19911011T,0.39,0.39,0.39,0.39,0.0
19921006T,0.3,0.3,0.3,0.3,0.0
19931001T,0.31,0.31,0.31,0.31,0.0
19911101T,0.52,0.52,0.52,0.52,0.0
19911108T,0.32,0.32,0.32,0.32,0.0
19921103T,0.38,0.38,0.38,0.38,0.0
19921110T,0.48,0.48,0.48,0.48,0.0
19931103T,0.33,0.33,0.33,0.33,0.0
19911206T,0.23,0.23,0.23,0.23,0.0
19921201T,0.33,0.33,0.33,0.33,0.0
19921208T,0.36,0.36,0.36,0.36,0.0
19931203T,0.39,0.39,0.39,0.39,0.0
19920103T,0.49,0.49,0.49,0.49,0.0
19920110T,0.48,0.48,0.48,0.48,0.0
19930105T,0.51,0.51,0.51,0.51,0.0
19930112T,0.46,0.46,0.46,0.46,0.0
19940107T,0.47,0.47,0.47,0.47,0.0
19920207T,0.36,0.36,0.36,0.36,0.0
19930202T,0.46,0.46,0.46,0.46,0.0
19930209T,0.47,0.47,0.47,0.47,0.0
19940204T,0.43,0.43,0.43,0.43,0.0
19920306T,0.45,0.45,0.45,0.45,0.0
19930301T,0.38,0.38,0.38,0.38,0.0
19930308T,0.48,0.48,0.48,0.48,0.0
19940303T,0.43,0.43,0.43,0.43,0.0
19920403T,0.35,0.35,0.35,0.35,0.0
19920410T,0.43,0.43,0.43,0.43,0.0
19930405T,0.37,0.37,0.37,0.37,0.0
19930412T,0.52,0.52,0.52,0.52,0.0
19920501T,0.29,0.29,0.29,0.29,0.0
19920508T,0.43,0.43,0.43,0.43,0.0
19930503T,0.4,0.4,0.4,0.4,0.0
19930510T,0.48,0.48,0.48,0.48,0.0
19940505T,0.41,0.41,0.41,0.41,0.0
19920605T,0.41,0.41,0.41,0.41,0.0
19920612T,0.31,0.31,0.31,0.31,0.0
19930607T,0.35,0.35,0.35,0.35,0.0
19940602T,0.39,0.39,0.39,0.39,0.0
19920702T,0.21,0.21,0.21,0.21,0.0
19920709T,0.23,0.23,0.23,0.23,0.0
19930705T,0.29,0.29,0.29,0.29,0.0
19930712T,0.32,0.32,0.32,0.32,0.0
19940707T,0.22,0.22,0.22,0.22,0.0
19920805T,0.28,0.28,0.28,0.28,0.0
19930802T,0.26,0.26,0.26,0.26,0.0
19930809T,0.22,0.22,0.22,0.22,0.0
19940804T,0.3,0.3,0.3,0.3,0.0
19920904T,0.14,0.14,0.14,0.14,0.0
19920911T,0.22,0.22,0.22,0.22,0.0
19930906T,0.21,0.21,0.21,0.21,0.0
19940901T,0.25,0.25,0.25,0.25,0.0
19921002T,0.3,0.3,0.3,0.3,0.0
19921009T,0.21,0.21,0.21,0.21,0.0
19931004T,0.2,0.2,0.2,0.2,0.0
19931011T,0.21,0.21,0.21,0.21,0.0
19941006T,0.35,0.35,0.35,0.35,0.0
19921106T,0.49,0.49,0.49,0.49,0.0
19931101T,0.37,0.37,0.37,0.37,0.0
19931108T,0.48,0.48,0.48,0.48,0.0
19941101T,0.43,0.43,0.43,0.43,0.0
19921204T,0.37,0.37,0.37,0.37,0.0
19921211T,0.43,0.43,0.43,0.43,0.0
19931206T,0.63,0.63,0.63,0.63,0.0
19931212T,0.55,0.55,0.55,0.55,0.0
19930101T,0.6,0.6,0.6,0.6,0.0
19930108T,0.2,0.2,0.2,0.2,0.0
19940103T,0.54,0.54,0.54,0.54,0.0
19940110T,0.41,0.41,0.41,0.41,0.0
19950105T,0.4,0.4,0.4,0.4,0.0
19930205T,0.44,0.44,0.44,0.44,0.0
19930212T,0.47,0.47,0.47,0.47,0.0
19940207T,0.46,0.46,0.46,0.46,0.0
19950202T,0.34,0.34,0.34,0.34,0.0
19930305T,0.27,0.27,0.27,0.27,0.0
19930312T,0.45,0.45,0.45,0.45,0.0
19940307T,0.41,0.41,0.41,0.41,0.0
19950302T,0.43,0.43,0.43,0.43,0.0
19930402T,0.37,0.37,0.37,0.37,0.0
19930409T,0.32,0.32,0.32,0.32,0.0
19940404T,0.31,0.31,0.31,0.31,0.0
19940411T,0.28,0.28,0.28,0.28,0.0
19950406T,0.22,0.22,0.22,0.22,0.0
19930507T,0.21,0.21,0.21,0.21,0.0
19940502T,0.2,0.2,0.2,0.2,0.0
19940509T,0.21,0.21,0.21,0.21,0.0
19950504T,0.24,0.24,0.24,0.24,0.0
19930604T,0.33,0.33,0.33,0.33,0.0
19930611T,0.23,0.23,0.23,0.23,0.0
19940606T,0.22,0.22,0.22,0.22,0.0
19950601T,0.28,0.28,0.28,0.28,0.0
19930702T,0.18,0.18,0.18,0.18,0.0
19930709T,0.21,0.21,0.21,0.21,0.0
19940704T,0.22,0.22,0.22,0.22,0.0
19940711T,0.24,0.24,0.24,0.24,0.0
19950706T,0.25,0.25,0.25,0.25,0.0
19930806T,0.26,0.26,0.26,0.26,0.0
19940801T,0.25,0.25,0.25,0.25,0.0
19940808T,0.29,0.29,0.29,0.29,0.0
19950803T,0.27,0.27,0.27,0.27,0.0
19930903T,0.38,0.38,0.38,0.38,0.0
19930910T,0.3,0.3,0.3,0.3,0.0
19940905T,0.32,0.32,0.32,0.32,0.0
19940912T,0.28,0.28,0.28,0.28,0.0
19931001T,0.26,0.26,0.26,0.26,0.0
19931008T,0.29,0.29,0.29,0.29,0.0
19941003T,0.31,0.31,0.31,0.31,0.0
19941010T,0.42,0.42,0.42,0.42,0.0
19951005T,0.43,0.43,0.43,0.43,0.0
19931104T,0.32,0.32,0.32,0.32,0.0
19931111T,0.35,0.35,0.35,0.35,0.0
19941106T,0.34,0.34,0.34,0.34,0.0
19941112T,0.45,0.45,0.45,0.45,0.0
19931202T,0.33,0.33,0.33,0.33,0.0
19931209T,0.37,0.37,0.37,0.37,0.0
19941204T,0.33,0.33,0.33,0.33,0.0
19941211T,0.36,0.36,0.36,0.36,0.0
19951206T,0.44,0.44,0.44,0.44,0.0
19940106T,0.4,0.4,0.4,0.4,0.0
19950101T,0.38,0.38,0.38,0.38,0.0
19950108T,0.48,0.48,0.48,0.48,0.0
19960103T,0.41,0.41,0.41,0.41,0.0
19940203T,0.38,0.38,0.38,0.38,0.0
19940210T,0.49,0.49,0.49,0.49,0.0
19950205T,0.4,0.4,0.4,0.4,0.0
19950212T,0.41,0.41,0.41,0.41,0.0
19940303T,0.31,0.31,0.31,0.31,0.0
19940310T,0.29,0.29,0.29,0.29,0.0
19950305T,0.24,0.24,0.24,0.24,0.0
19950312T,0.29,0.29,0.29,0.29,0.0
19960307T,0.23,0.23,0.23,0.23,0.0
19940407T,0.28,0.28,0.28,0.28,0.0
19950402T,0.29,0.29,0.29,0.29,0.0
19950409T,0.26,0.26,0.26,0.26,0.0
19960404T,0.27,0.27,0.27,0.27,0.0
19940505T,0.32,0.32,0.32,0.32,0.0
19940512T,0.38,0.38,0.38,0.38,0.0
19950507T,0.22,0.22,0.22,0.22,0.0
19960502T,0.29,0.29,0.29,0.29,0.0
19940602T,0.39,0.39,0.39,0.39,0.0
19940609T,0.28,0.28,0.28,0.28,0.0
19950604T,0.32,0.32,0.32,0.32,0.0
19950611T,0.29,0.29,0.29,0.29,0.0
19960606T,0.32,0.32,0.32,0.32,0.0
19940707T,0.28,0.28,0.28,0.28,0.0
19950702T,0.25,0.25,0.25,0.25,0.0
19950709T,0.34,0.34,0.34,0.34,0.0
19960704T,0.27,0.27,0.27,0.27,0.0
19940804T,0.22,0.22,0.22,0.22,0.0
19940811T,0.34,0.34,0.34,0.34,0.0
19950806T,0.3,0.3,0.3,0.3,0.0
19960801T,0.32,0.32,0.32,0.32,0.0
19940901T,0.43,0.43,0.43,0.43,0.0
19940908T,0.47,0.47,0.47,0.47,0.0
19950903T,0.45,0.45,0.45,0.45,0.0
19950910T,0.37,0.37,0.37,0.37,0.0
19960905T,0.38,0.38,0.38,0.38,0.0
19941006T,0.33,0.33,0.33,0.33,0.0
19951001T,0.35,0.35,0.35,0.35,0.0
19951008T,0.39,0.39,0.39,0.39,0.0
19961003T,0.43,0.43,0.43,0.43,0.0
19941103T,0.4,0.4,0.4,0.4,0.0
19941110T,0.37,0.37,0.37,0.37,0.0
19951105T,0.39,0.39,0.39,0.39,0.0
19951111T,0.39,0.39,0.39,0.39,0.0
19961106T,0.44,0.44,0.44,0.44,0.0
19941208T,0.3,0.3,0.3,0.3,0.0
19951203T,0.33,0.33,0.33,0.33,0.0
19951210T,0.42,0.42,0.42,0.42,0.0
19961205T,0.4,0.4,0.4,0.4,0.0
19950105T,0.44,0.44,0.44,0.44,0.0
19950112T,0.36,0.36,0.36,0.36,0.0
19960107T,0.37,0.37,0.37,0.37,0.0
19970102T,0.38,0.38,0.38,0.38,0.0
19950202T,0.38,0.38,0.38,0.38,0.0
19950209T,0.34,0.34,0.34,0.34,0.0
19960204T,0.43,0.43,0.43,0.43,0.0
19960211T,0.46,0.46,0.46,0.46,0.0
19950302T,0.53,0.53,0.53,0.53,0.0
19950309T,0.48,0.48,0.48,0.48,0.0
19960304T,0.39,0.39,0.39,0.39,0.0
19960311T,0.47,0.47,0.47,0.47,0.0
19970306T,0.52,0.52,0.52,0.52,0.0
19950406T,0.42,0.42,0.42,0.42,0.0
19960401T,0.4,0.4,0.4,0.4,0.0
19960408T,0.37,0.37,0.37,0.37,0.0
19970403T,0.52,0.52,0.52,0.52,0.0
19950504T,0.42,0.42,0.42,0.42,0.0
19950511T,0.44,0.44,0.44,0.44,0.0
19960506T,0.42,0.42,0.42,0.42,0.0
19970501T,0.44,0.44,0.44,0.44,0.0
19950601T,0.39,0.39,0.39,0.39,0.0
19950608T,0.44,0.44,0.44,0.44,0.0
19960603T,0.36,0.36,0.36,0.36,0.0
19960610T,0.48,0.48,0.48,0.48,0.0
19970605T,0.35,0.35,0.35,0.35,0.0
19950706T,0.35,0.35,0.35,0.35,0.0
19960701T,0.44,0.44,0.44,0.44,0.0
19960708T,0.43,0.43,0.43,0.43,0.0
19970703T,0.41,0.41,0.41,0.41,0.0
19950803T,0.38,0.38,0.38,0.38,0.0
19950810T,0.4,0.4,0.4,0.4,0.0
19960805T,0.36,0.36,0.36,0.36,0.0
19960812T,0.35,0.35,0.35,0.35,0.0
19970807T,0.38,0.38,0.38,0.38,0.0
19950907T,0.37,0.37,0.37,0.37,0.0
19960902T,0.46,0.46,0.46,0.46,0.0
19960909T,0.46,0.46,0.46,0.46,0.0
19970904T,0.42,0.42,0.42,0.42,0.0
19951005T,0.39,0.39,0.39,0.39,0.0
19951012T,0.41,0.41,0.41,0.41,0.0
19961007T,0.47,0.47,0.47,0.47,0.0
19971002T,0.46,0.46,0.46,0.46,0.0
19951102T,0.47,0.47,0.47,0.47,0.0
19951109T,0.49,0.49,0.49,0.49,0.0
19961104T,0.46,0.46,0.46,0.46,0.0
19961110T,0.48,0.48,0.48,0.48,0.0
19971106T,0.51,0.51,0.51,0.51,0.0
19951207T,0.48,0.48,0.48,0.48,0.0
19961202T,0.51,0.51,0.51,0.51,0.0
19961209T,0.48,0.48,0.48,0.48,0.0
19971204T,0.46,0.46,0.46,0.46,0.0
19960104T,0.55,0.55,0.55,0.55,0.0
19960111T,0.55,0.55,0.55,0.55,0.0
19970106T,0.42,0.42,0.42,0.42,0.0
19980101T,0.36,0.36,0.36,0.36,0.0
19960201T,0.54,0.54,0.54,0.54,0.0
19960208T,0.53,0.53,0.53,0.53,0.0
19970203T,0.54,0.54,0.54,0.54,0.0
19970210T,0.49,0.49,0.49,0.49,0.0
19980205T,0.45,0.45,0.45,0.45,0.0
19960307T,0.44,0.44,0.44,0.44,0.0
19970302T,0.36,0.36,0.36,0.36,0.0
19970309T,0.47,0.47,0.47,0.47,0.0
19980304T,0.45,0.45,0.45,0.45,0.0
19960404T,0.4,0.4,0.4,0.4,0.0
19960411T,0.4,0.4,0.4,0.4,0.0
19970406T,0.36,0.36,0.36,0.36,0.0
19980401T,0.28,0.28,0.28,0.28,0.0
19960502T,0.48,0.48,0.48,0.48,0.0
19960509T,0.46,0.46,0.46,0.46,0.0
19970504T,0.37,0.37,0.37,0.37,0.0
19970511T,0.51,0.51,0.51,0.51,0.0
19980506T,0.61,0.61,0.61,0.61,0.0
19960606T,0.47,0.47,0.47,0.47,0.0
19970601T,0.49,0.49,0.49,0.49,0.0
19970608T,0.42,0.42,0.42,0.42,0.0
19980603T,0.42,0.42,0.42,0.42,0.0
19960703T,0.32,0.32,0.32,0.32,0.0
19960711T,0.4,0.4,0.4,0.4,0.0
19970706T,0.29,0.29,0.29,0.29,0.0
19980701T,0.3,0.3,0.3,0.3,0.0
19960801T,0.29,0.29,0.29,0.29,0.0
19960808T,0.27,0.27,0.27,0.27,0.0
19970803T,0.43,0.43,0.43,0.43,0.0
19970810T,0.28,0.28,0.28,0.28,0.0
19980805T,0.28,0.28,0.28,0.28,0.0
19960905T,0.29,0.29,0.29,0.29,0.0
19960912T,0.26,0.26,0.26,0.26,0.0
19970907T,0.28,0.28,0.28,0.28,0.0
19980902T,0.34,0.34,0.34,0.34,0.0
19961003T,0.4,0.4,0.4,0.4,0.0
19961010T,0.38,0.38,0.38,0.38,0.0
19971005T,0.39,0.39,0.39,0.39,0.0
19971012T,0.42,0.42,0.42,0.42,0.0
19981007T,0.37,0.37,0.37,0.37,0.0
19961107T,0.26,0.26,0.26,0.26,0.0
19971102T,0.37,0.37,0.37,0.37,0.0
19971109T,0.43,0.43,0.43,0.43,0.0
19981103T,0.52,0.52,0.52,0.52,0.0
19961205T,0.41,0.41,0.41,0.41,0.0
19961212T,0.4,0.4,0.4,0.4,0.0
19971207T,0.33,0.33,0.33,0.33,0.0
19981202T,0.37,0.37,0.37,0.37,0.0
19970102T,0.43,0.43,0.43,0.43,0.0
19970109T,0.36,0.36,0.36,0.36,0.0
19980104T,0.42,0.42,0.42,0.42,0.0
19980111T,0.37,0.37,0.37,0.37,0.0
19990106T,0.51,0.51,0.51,0.51,0.0
19970206T,0.47,0.47,0.47,0.47,0.0
19980201T,0.45,0.45,0.45,0.45,0.0
19980208T,0.44,0.44,0.44,0.44,0.0
19990203T,0.63,0.63,0.63,0.63,0.0
19970306T,0.43,0.43,0.43,0.43,0.0
19980301T,0.34,0.34,0.34,0.34,0.0
19980308T,0.36,0.36,0.36,0.36,0.0
19990303T,0.27,0.27,0.27,0.27,0.0
19970403T,0.29,0.29,0.29,0.29,0.0
19970410T,0.26,0.26,0.26,0.26,0.0
19980405T,0.31,0.31,0.31,0.31,0.0
19980412T,0.28,0.28,0.28,0.28,0.0
19970501T,0.27,0.27,0.27,0.27,0.0
19970508T,0.3,0.3,0.3,0.3,0.0
19980503T,0.41,0.41,0.41,0.41,0.0
19980510T,0.4,0.4,0.4,0.4,0.0
19990505T,0.4,0.4,0.4,0.4,0.0
19970605T,0.52,0.52,0.52,0.52,0.0
19970612T,0.49,0.49,0.49,0.49,0.0
19980607T,0.59,0.59,0.59,0.59,0.0
19990602T,0.52,0.52,0.52,0.52,0.0
19970703T,0.45,0.45,0.45,0.45,0.0
19970710T,0.49,0.49,0.49,0.49,0.0
19980705T,0.54,0.54,0.54,0.54,0.0
19980712T,0.53,0.53,0.53,0.53,0.0
19990707T,0.48,0.48,0.48,0.48,0.0
19970807T,0.49,0.49,0.49,0.49,0.0
19980802T,0.49,0.49,0.49,0.49,0.0
19980809T,0.47,0.47,0.47,0.47,0.0
19990804T,0.5,0.5,0.5,0.5,0.0
19970904T,0.37,0.37,0.37,0.37,0.0
19970911T,0.42,0.42,0.42,0.42,0.0
19980906T,0.4,0.4,0.4,0.4,0.0
19990901T,0.39,0.39,0.39,0.39,0.0
19971002T,0.38,0.38,0.38,0.38,0.0
19971009T,0.43,0.43,0.43,0.43,0.0
19981004T,0.43,0.43,0.43,0.43,0.0
19981011T,0.4,0.4,0.4,0.4,0.0
19991006T,0.41,0.41,0.41,0.41,0.0
19971106T,0.38,0.38,0.38,0.38,0.0
19981101T,0.45,0.45,0.45,0.45,0.0
19981108T,0.4,0.4,0.4,0.4,0.0
19991102T,0.4,0.4,0.4,0.4,0.0
19971204T,0.49,0.49,0.49,0.49,0.0
19971211T,0.46,0.46,0.46,0.46,0.0
19981206T,0.4,0.4,0.4,0.4,0.0
19981212T,0.41,0.41,0.41,0.41,0.0
19991207T,0.34,0.34,0.34,0.34,0.0
19980108T,0.42,0.42,0.42,0.42,0.0
19990104T,0.38,0.38,0.38,0.38,0.0
19990111T,0.31,0.31,0.31,0.31,0.0
20000106T,0.38,0.38,0.38,0.38,0.0
19980205T,0.3,0.3,0.3,0.3,0.0
19980212T,0.45,0.45,0.45,0.45,0.0
19990207T,0.42,0.42,0.42,0.42,0.0
20000202T,0.53,0.53,0.53,0.53,0.0
19980305T,0.53,0.53,0.53,0.53,0.0
19980312T,0.44,0.44,0.44,0.44,0.0
19990307T,0.4,0.4,0.4,0.4,0.0
20000302T,0.45,0.45,0.45,0.45,0.0
19980402T,0.46,0.46,0.46,0.46,0.0
19980409T,0.41,0.41,0.41,0.41,0.0
19990404T,0.53,0.53,0.53,0.53,0.0
19990411T,0.4,0.4,0.4,0.4,0.0
20000406T,0.44,0.44,0.44,0.44,0.0
19980507T,0.43,0.43,0.43,0.43,0.0
19990502T,0.33,0.33,0.33,0.33,0.0
19990509T,0.38,0.38,0.38,0.38,0.0
20000504T,0.34,0.34,0.34,0.34,0.0
19980604T,0.25,0.25,0.25,0.25,0.0
19980611T,0.27,0.27,0.27,0.27,0.0
19990606T,0.29,0.29,0.29,0.29,0.0
20000601T,0.28,0.28,0.28,0.28,0.0
19980702T,0.33,0.33,0.33,0.33,0.0
19980709T,0.36,0.36,0.36,0.36,0.0
19990704T,0.35,0.35,0.35,0.35,0.0
19990711T,0.37,0.37,0.37,0.37,0.0
20000706T,0.44,0.44,0.44,0.44,0.0
19980806T,0.3,0.3,0.3,0.3,0.0
19990801T,0.27,0.27,0.27,0.27,0.0
19990808T,0.25,0.25,0.25,0.25,0.0
20000803T,0.23,0.23,0.23,0.23,0.0
19980903T,0.23,0.23,0.23,0.23,0.0
19980910T,0.29,0.29,0.29,0.29,0.0
19990905T,0.34,0.34,0.34,0.34,0.0
19990912T,0.34,0.34,0.34,0.34,0.0
19981001T,0.32,0.32,0.32,0.32,0.0
19981008T,0.25,0.25,0.25,0.25,0.0
19991003T,0.25,0.25,0.25,0.25,0.0
19991010T,0.32,0.32,0.32,0.32,0.0
20001005T,0.43,0.43,0.43,0.43,0.0
19981105T,0.38,0.38,0.38,0.38,0.0
19981112T,0.5,0.5,0.5,0.5,0.0
19991107T,0.4,0.4,0.4,0.4,0.0
20001101T,0.48,0.48,0.48,0.48,0.0
19981203T,0.49,0.49,0.49,0.49,0.0
19981210T,0.44,0.44,0.44,0.44,0.0
19991205T,0.41,0.41,0.41,0.41,0.0
19991211T,0.34,0.34,0.34,0.34,0.0
20001207T,0.41,0.41,0.41,0.41,0.0
19990107T,0.38,0.38,0.38,0.38,0.0
20000102T,0.51,0.51,0.51,0.51,0.0
20000109T,0.56,0.56,0.56,0.56,0.0
20010104T,0.47,0.47,0.47,0.47,0.0
19990204T,0.48,0.48,0.48,0.48,0.0
19990211T,0.48,0.48,0.48,0.48,0.0
20000206T,0.37,0.37,0.37,0.37,0.0
20010201T,0.37,0.37,0.37,0.37,0.0
19990304T,0.36,0.36,0.36,0.36,0.0
19990311T,0.37,0.37,0.37,0.37,0.0
20000306T,0.48,0.48,0.48,0.48,0.0
20010301T,0.38,0.38,0.38,0.38,0.0
19990401T,0.4,0.4,0.4,0.4,0.0
19990408T,0.36,0.36,0.36,0.36,0.0
20000403T,0.41,0.41,0.41,0.41,0.0
20000410T,0.38,0.38,0.38,0.38,0.0
20010405T,0.41,0.41,0.41,0.41,0.0
19990506T,0.54,0.54,0.54,0.54,0.0
20000501T,0.43,0.43,0.43,0.43,0.0
20000508T,0.43,0.43,0.43,0.43,0.0
20010503T,0.38,0.38,0.38,0.38,0.0
19990603T,0.32,0.32,0.32,0.32,0.0
19990610T,0.32,0.32,0.32,0.32,0.0
20000605T,0.38,0.38,0.38,0.38,0.0
20000612T,0.3,0.3,0.3,0.3,0.0
19990701T,0.35,0.35,0.35,0.35,0.0
19990708T,0.43,0.43,0.43,0.43,0.0
20000703T,0.54,0.54,0.54,0.54,0.0
20000710T,0.55,0.55,0.55,0.55,0.0
20010705T,0.42,0.42,0.42,0.42,0.0
19990805T,0.3,0.3,0.3,0.3,0.0
19990812T,0.3,0.3,0.3,0.3,0.0
20000807T,0.31,0.31,0.31,0.31,0.0
20010802T,0.35,0.35,0.35,0.35,0.0
19990902T,0.44,0.44,0.44,0.44,0.0
19990909T,0.37,0.37,0.37,0.37,0.0
20000904T,0.36,0.36,0.36,0.36,0.0
20000911T,0.36,0.36,0.36,0.36,0.0
20010906T,0.35,0.35,0.35,0.35,0.0
19991007T,0.34,0.34,0.34,0.34,0.0
20001002T,0.42,0.42,0.42,0.42,0.0
20001009T,0.38,0.38,0.38,0.38,0.0
20011004T,0.38,0.38,0.38,0.38,0.0
19991104T,0.43,0.43,0.43,0.43,0.0
19991111T,0.48,0.48,0.48,0.48,0.0
20001106T,0.46,0.46,0.46,0.46,0.0
20001112T,0.55,0.55,0.55,0.55,0.0
19991202T,0.62,0.62,0.62,0.62,0.0
19991209T,0.62,0.62,0.62,0.62,0.0
20001204T,0.54,0.54,0.54,0.54,0.0
20001211T,0.52,0.52,0.52,0.52,0.0
20011206T,0.6,0.6,0.6,0.6,0.0
19000106T,0.75,0.75,0.75,0.75,0.0
19010101T,0.59,0.59,0.59,0.59,0.0
19010108T,0.57,0.57,0.57,0.57,0.0
19020103T,0.54,0.54,0.54,0.54,0.0
19000203T,0.51,0.51,0.51,0.51,0.0
19000210T,0.42,0.42,0.42,0.42,0.0
19010205T,0.27,0.27,0.27,0.27,0.0
19010212T,0.41,0.41,0.41,0.41,0.0
19000302T,0.37,0.37,0.37,0.37,0.0
19000308T,0.58,0.58,0.58,0.58,0.0
19010304T,0.5,0.5,0.5,0.5,0.0
19010311T,0.66,0.66,0.66,0.66,0.0
19020306T,0.39,0.39,0.39,0.39,0.0
19000406T,0.46,0.46,0.46,0.46,0.0
19010401T,0.52,0.52,0.52,0.52,0.0
19010408T,0.64,0.64,0.64,0.64,0.0
19020403T,0.61,0.61,0.61,0.61,0.0
19000504T,0.35,0.35,0.35,0.35,0.0
19000511T,0.3,0.3,0.3,0.3,0.0
19010506T,0.35,0.35,0.35,0.35,0.0
19020501T,0.35,0.35,0.35,0.35,0.0
19000601T,0.42,0.42,0.42,0.42,0.0
19000608T,0.62,0.62,0.62,0.62,0.0
19010603T,0.44,0.44,0.44,0.44,0.0
19010610T,0.27,0.27,0.27,0.27,0.0
19000706T,0.56,0.56,0.56,0.56,0.0
19010701T,0.65,0.65,0.65,0.65,0.0
19010708T,0.67,0.67,0.67,0.67,0.0
19020703T,0.43,0.43,0.43,0.43,0.0
19000803T,0.41,0.41,0.41,0.41,0.0
19000810T,0.54,0.54,0.54,0.54,0.0
19010805T,0.59,0.59,0.59,0.59,0.0
19010811T,0.58,0.58,0.58,0.58,0.0
19020807T,0.56,0.56,0.56,0.56,0.0
19000907T,0.63,0.63,0.63,0.63,0.0
19010902T,0.41,0.41,0.41,0.41,0.0
19010909T,0.44,0.44,0.44,0.44,0.0
19020904T,0.53,0.53,0.53,0.53,0.0
19001005T,0.42,0.42,0.42,0.42,0.0
19001012T,0.42,0.42,0.42,0.42,0.0
19011007T,0.49,0.49,0.49,0.49,0.0
19021002T,0.64,0.64,0.64,0.64,0.0
19001102T,0.52,0.52,0.52,0.52,0.0
19001109T,0.63,0.63,0.63,0.63,0.0
19011104T,0.46,0.46,0.46,0.46,0.0
19011111T,0.37,0.37,0.37,0.37,0.0
19021106T,0.6,0.6,0.6,0.6,0.0
19001207T,0.47,0.47,0.47,0.47,0.0
19011202T,0.6,0.6,0.6,0.6,0.0
19011209T,0.31,0.31,0.31,0.31,0.0
19021204T,0.4,0.4,0.4,0.4,0.0
19010104T,0.43,0.43,0.43,0.43,0.0
19010111T,0.36,0.36,0.36,0.36,0.0
19020106T,0.37,0.37,0.37,0.37,0.0
19030101T,0.49,0.49,0.49,0.49,0.0
19010201T,0.5,0.5,0.5,0.5,0.0
19010208T,0.56,0.56,0.56,0.56,0.0
19020203T,0.3,0.3,0.3,0.3,0.0
19020210T,0.26,0.26,0.26,0.26,0.0
19010301T,0.46,0.46,0.46,0.46,0.0
19010308T,0.32,0.32,0.32,0.32,0.0
19020303T,0.31,0.31,0.31,0.31,0.0
19020310T,0.28,0.28,0.28,0.28,0.0
19030305T,0.37,0.37,0.37,0.37,0.0
19010405T,0.35,0.35,0.35,0.35,0.0
19010412T,0.3,0.3,0.3,0.3,0.0
19020407T,0.44,0.44,0.44,0.44,0.0
19030402T,0.47,0.47,0.47,0.47,0.0
19010503T,0.64,0.64,0.64,0.64,0.0
19010510T,0.53,0.53,0.53,0.53,0.0
19020505T,0.52,0.52,0.52,0.52,0.0
19020512T,0.62,0.62,0.62,0.62,0.0
19030507T,0.49,0.49,0.49,0.49,0.0
19010607T,0.43,0.43,0.43,0.43,0.0
19020602T,0.31,0.31,0.31,0.31,0.0
19020609T,0.33,0.33,0.33,0.33,0.0
19030604T,0.3,0.3,0.3,0.3,0.0
19010705T,0.41,0.41,0.41,0.41,0.0
19010712T,0.25,0.25,0.25,0.25,0.0
19020707T,0.5,0.5,0.5,0.5,0.0
19030702T,0.3,0.3,0.3,0.3,0.0
19010802T,0.36,0.36,0.36,0.36,0.0
19010809T,0.35,0.35,0.35,0.35,0.0
19020804T,0.35,0.35,0.35,0.35,0.0
19020811T,0.35,0.35,0.35,0.35,0.0
19030806T,0.31,0.31,0.31,0.31,0.0
19010906T,0.3,0.3,0.3,0.3,0.0
19020901T,0.27,0.27,0.27,0.27,0.0
19020908T,0.31,0.31,0.31,0.31,0.0
19030903T,0.51,0.51,0.51,0.51,0.0
19011004T,0.51,0.51,0.51,0.51,0.0
19011011T,0.47,0.47,0.47,0.47,0.0
19021006T,0.61,0.61,0.61,0.61,0.0
19031001T,0.56,0.56,0.56,0.56,0.0
19011101T,0.35,0.35,0.35,0.35,0.0
19011108T,0.35,0.35,0.35,0.35,0.0
19021103T,0.46,0.46,0.46,0.46,0.0
19021110T,0.58,0.58,0.58,0.58,0.0
19031105T,0.69,0.69,0.69,0.69,0.0
19011206T,0.59,0.59,0.59,0.59,0.0
19021201T,0.61,0.61,0.61,0.61,0.0
19021208T,0.53,0.53,0.53,0.53,0.0
19031203T,0.58,0.58,0.58,0.58,0.0
19020103T,0.51,0.51,0.51,0.51,0.0
19020110T,0.55,0.55,0.55,0.55,0.0
19030105T,0.3,0.3,0.3,0.3,0.0
19030112T,0.35,0.35,0.35,0.35,0.0
19040107T,0.46,0.46,0.46,0.46,0.0
19020207T,0.38,0.38,0.38,0.38,0.0
19030202T,0.45,0.45,0.45,0.45,0.0
19030209T,0.36,0.36,0.36,0.36,0.0
19040204T,0.44,0.44,0.44,0.44,0.0
19020307T,0.53,0.53,0.53,0.53,0.0
19030302T,0.57,0.57,0.57,0.57,0.0
19030309T,0.53,0.53,0.53,0.53,0.0
19040304T,0.51,0.51,0.51,0.51,0.0
19020404T,0.41,0.41,0.41,0.41,0.0
19020411T,0.28,0.28,0.28,0.28,0.0
19030406T,0.4,0.4,0.4,0.4,0.0
19040401T,0.37,0.37,0.37,0.37,0.0
19020502T,0.27,0.27,0.27,0.27,0.0
19020509T,0.3,0.3,0.3,0.3,0.0
19030504T,0.37,0.37,0.37,0.37,0.0
19030511T,0.26,0.26,0.26,0.26,0.0
19040505T,0.28,0.28,0.28,0.28,0.0
19020606T,0.33,0.33,0.33,0.33,0.0
19030601T,0.32,0.32,0.32,0.32,0.0
19030608T,0.46,0.46,0.46,0.46,0.0
19040603T,0.31,0.31,0.31,0.31,0.0
19020703T,0.27,0.27,0.27,0.27,0.0
19020711T,0.35,0.35,0.35,0.35,0.0
19030706T,0.26,0.26,0.26,0.26,0.0
19040701T,0.28,0.28,0.28,0.28,0.0
19020801T,0.34,0.34,0.34,0.34,0.0
19020808T,0.38,0.38,0.38,0.38,0.0
19030803T,0.38,0.38,0.38,0.38,0.0
19030810T,0.44,0.44,0.44,0.44,0.0
19040805T,0.5,0.5,0.5,0.5,0.0
19020905T,0.32,0.32,0.32,0.32,0.0
19020912T,0.38,0.38,0.38,0.38,0.0
19030907T,0.34,0.34,0.34,0.34,0.0
19040902T,0.25,0.25,0.25,0.25,0.0
19021003T,0.35,0.35,0.35,0.35,0.0
19021010T,0.29,0.29,0.29,0.29,0.0
19031005T,0.4,0.4,0.4,0.4,0.0
19031012T,0.45,0.45,0.45,0.45,0.0
19041007T,0.52,0.52,0.52,0.52,0.0
19021107T,0.5,0.5,0.5,0.5,0.0
19031102T,0.49,0.49,0.49,0.49,0.0
19031109T,0.51,0.51,0.51,0.51,0.0
19041104T,0.51,0.51,0.51,0.51,0.0
19021205T,0.53,0.53,0.53,0.53,0.0
19021212T,0.41,0.41,0.41,0.41,0.0
19031207T,0.43,0.43,0.43,0.43,0.0
19041202T,0.4,0.4,0.4,0.4,0.0
19030102T,0.32,0.32,0.32,0.32,0.0
19030109T,0.38,0.38,0.38,0.38,0.0
19040104T,0.29,0.29,0.29,0.29,0.0
19040111T,0.25,0.25,0.25,0.25,0.0
19050106T,0.26,0.26,0.26,0.26,0.0
19030206T,0.23,0.23,0.23,0.23,0.0
19040201T,0.22,0.22,0.22,0.22,0.0
19040208T,0.21,0.21,0.21,0.21,0.0
19050203T,0.26,0.26,0.26,0.26,0.0
19030306T,0.33,0.33,0.33,0.33,0.0
19040301T,0.34,0.34,0.34,0.34,0.0
19040308T,0.43,0.43,0.43,0.43,0.0
19050303T,0.39,0.39,0.39,0.39,0.0
19030403T,0.32,0.32,0.32,0.32,0.0
19030410T,0.39,0.39,0.39,0.39,0.0
19040405T,0.46,0.46,0.46,0.46,0.0
19040412T,0.63,0.63,0.63,0.63,0.0
19030501T,0.49,0.49,0.49,0.49,0.0
19030508T,0.53,0.53,0.53,0.53,0.0
19040503T,0.63,0.63,0.63,0.63,0.0
19040510T,0.39,0.39,0.39,0.39,0.0
19050505T,0.63,0.63,0.63,0.63,0.0
19030605T,0.52,0.52,0.52,0.52,0.0
19030612T,0.5,0.5,0.5,0.5,0.0
19040607T,0.56,0.56,0.56,0.56,0.0
19050602T,0.71,0.71,0.71,0.71,0.0
19030703T,0.41,0.41,0.41,0.41,0.0
19030710T,0.43,0.43,0.43,0.43,0.0
19040705T,0.51,0.51,0.51,0.51,0.0
19040712T,0.52,0.52,0.52,0.52,0.0
19050707T,0.52,0.52,0.52,0.52,0.0
19030807T,0.46,0.46,0.46,0.46,0.0
19040802T,0.51,0.51,0.51,0.51,0.0
19040809T,0.63,0.63,0.63,0.63,0.0
19050804T,0.57,0.57,0.57,0.57,0.0
19030904T,0.62,0.62,0.62,0.62,0.0
19030911T,0.58,0.58,0.58,0.58,0.0
19040906T,0.63,0.63,0.63,0.63,0.0
19050901T,0.57,0.57,0.57,0.57,0.0
19031002T,0.5,0.5,0.5,0.5,0.0
19031009T,0.58,0.58,0.58,0.58,0.0
19041004T,0.6,0.6,0.6,0.6,0.0
19041011T,0.53,0.53,0.53,0.53,0.0
19051006T,0.58,0.58,0.58,0.58,0.0
19031106T,0.58,0.58,0.58,0.58,0.0
19041101T,0.53,0.53,0.53,0.53,0.0
19041108T,0.53,0.53,0.53,0.53,0.0
19051103T,0.6,0.6,0.6,0.6,0.0
19031204T,0.69,0.69,0.69,0.69,0.0
19031211T,0.55,0.55,0.55,0.55,0.0
19041206T,0.6,0.6,0.6,0.6,0.0
19051202T,0.66,0.66,0.66,0.66,0.0
19040101T,0.62,0.62,0.62,0.62,0.0
19040108T,0.67,0.67,0.67,0.67,0.0
19050103T,0.66,0.66,0.66,0.66,0.0
19050110T,0.7,0.7,0.7,0.7,0.0
19060105T,0.57,0.57,0.57,0.57,0.0
19040205T,0.51,0.51,0.51,0.51,0.0
19040212T,0.56,0.56,0.56,0.56,0.0
19050207T,0.57,0.57,0.57,0.57,0.0
19060202T,0.42,0.42,0.42,0.42,0.0
19040304T,0.48,0.48,0.48,0.48,0.0
19040311T,0.41,0.41,0.41,0.41,0.0
19050306T,0.39,0.39,0.39,0.39,0.0
19060301T,0.32,0.32,0.32,0.32,0.0
19040401T,0.55,0.55,0.55,0.55,0.0
19040408T,0.59,0.59,0.59,0.59,0.0
19050403T,0.64,0.64,0.64,0.64,0.0
19050410T,0.5,0.5,0.5,0.5,0.0
19060405T,0.5,0.5,0.5,0.5,0.0
19040506T,0.39,0.39,0.39,0.39,0.0
19050501T,0.33,0.33,0.33,0.33,0.0
19050508T,0.37,0.37,0.37,0.37,0.0
19060503T,0.36,0.36,0.36,0.36,0.0
19040603T,0.33,0.33,0.33,0.33,0.0
19040610T,0.55,0.55,0.55,0.55,0.0
19050605T,0.41,0.41,0.41,0.41,0.0
19050612T,0.56,0.56,0.56,0.56,0.0
19040701T,0.57,0.57,0.57,0.57,0.0
19040708T,0.55,0.55,0.55,0.55,0.0
19050703T,0.47,0.47,0.47,0.47,0.0
19050710T,0.36,0.36,0.36,0.36,0.0
19060705T,0.34,0.34,0.34,0.34,0.0
19040805T,0.31,0.31,0.31,0.31,0.0
19040812T,0.39,0.39,0.39,0.39,0.0
19050807T,0.35,0.35,0.35,0.35,0.0
19060802T,0.42,0.42,0.42,0.42,0.0
19040902T,0.42,0.42,0.42,0.42,0.0
19040909T,0.51,0.51,0.51,0.51,0.0
19050904T,0.46,0.46,0.46,0.46,0.0
19050911T,0.51,0.51,0.51,0.51,0.0
19060906T,0.41,0.41,0.41,0.41,0.0
19041007T,0.57,0.57,0.57,0.57,0.0
19051002T,0.45,0.45,0.45,0.45,0.0
19051009T,0.43,0.43,0.43,0.43,0.0
19061004T,0.42,0.42,0.42,0.42,0.0
19041104T,0.57,0.57,0.57,0.57,0.0
19041111T,0.63,0.63,0.63,0.63,0.0
19051106T,0.64,0.64,0.64,0.64,0.0
19051112T,0.5,0.5,0.5,0.5,0.0
19041202T,0.57,0.57,0.57,0.57,0.0
19041209T,0.51,0.51,0.51,0.51,0.0
19051204T,0.53,0.53,0.53,0.53,0.0
19051211T,0.6,0.6,0.6,0.6,0.0
19061206T,0.58,0.58,0.58,0.58,0.0
19050106T,0.38,0.38,0.38,0.38,0.0
19060101T,0.34,0.34,0.34,0.34,0.0
19060108T,0.34,0.34,0.34,0.34,0.0
19070103T,0.26,0.26,0.26,0.26,0.0
19050203T,0.42,0.42,0.42,0.42,0.0
19050210T,0.44,0.44,0.44,0.44,0.0
19060205T,0.36,0.36,0.36,0.36,0.0
19060212T,0.32,0.32,0.32,0.32,0.0
19050303T,0.4,0.4,0.4,0.4,0.0
19050310T,0.5,0.5,0.5,0.5,0.0
19060305T,0.33,0.33,0.33,0.33,0.0
19060312T,0.23,0.23,0.23,0.23,0.0
19070307T,0.28,0.28,0.28,0.28,0.0
19050407T,0.28,0.28,0.28,0.28,0.0
19060402T,0.17,0.17,0.17,0.17,0.0
19060409T,0.37,0.37,0.37,0.37,0.0
19070404T,0.3,0.3,0.3,0.3,0.0
19050505T,0.29,0.29,0.29,0.29,0.0
19050512T,0.31,0.31,0.31,0.31,0.0
19060507T,0.39,0.39,0.39,0.39,0.0
19070502T,0.44,0.44,0.44,0.44,0.0
19050602T,0.49,0.49,0.49,0.49,0.0
19050609T,0.46,0.46,0.46,0.46,0.0
19060604T,0.48,0.48,0.48,0.48,0.0
19060611T,0.47,0.47,0.47,0.47,0.0
19070606T,0.46,0.46,0.46,0.46,0.0
19050707T,0.43,0.43,0.43,0.43,0.0
19060702T,0.58,0.58,0.58,0.58,0.0
19060709T,0.41,0.41,0.41,0.41,0.0
19070704T,0.58,0.58,0.58,0.58,0.0
19050804T,0.48,0.48,0.48,0.48,0.0
19050811T,0.4,0.4,0.4,0.4,0.0
19060806T,0.29,0.29,0.29,0.29,0.0
19070801T,0.36,0.36,0.36,0.36,0.0
19050901T,0.32,0.32,0.32,0.32,0.0
19050908T,0.42,0.42,0.42,0.42,0.0
19060903T,0.51,0.51,0.51,0.51,0.0
19060910T,0.39,0.39,0.39,0.39,0.0
19070905T,0.32,0.32,0.32,0.32,0.0
19051006T,0.5,0.5,0.5,0.5,0.0
19061001T,0.39,0.39,0.39,0.39,0.0
19061008T,0.43,0.43,0.43,0.43,0.0
19071003T,0.32,0.32,0.32,0.32,0.0
19051103T,0.43,0.43,0.43,0.43,0.0
19051110T,0.59,0.59,0.59,0.59,0.0
19061105T,0.54,0.54,0.54,0.54,0.0
19061112T,0.57,0.57,0.57,0.57,0.0
19051201T,0.52,0.52,0.52,0.52,0.0
19051208T,0.49,0.49,0.49,0.49,0.0
19061203T,0.46,0.46,0.46,0.46,0.0
19061210T,0.41,0.41,0.41,0.41,0.0
19071205T,0.37,0.37,0.37,0.37,0.0
19060105T,0.29,0.29,0.29,0.29,0.0
19060112T,0.59,0.59,0.59,0.59,0.0
19070107T,0.5,0.5,0.5,0.5,0.0
19080102T,0.31,0.31,0.31,0.31,0.0
19060202T,0.45,0.45,0.45,0.45,0.0
19060209T,0.4,0.4,0.4,0.4,0.0
19070204T,0.4,0.4,0.4,0.4,0.0
19070211T,0.43,0.43,0.43,0.43,0.0
19060302T,0.41,0.41,0.41,0.41,0.0
19060309T,0.41,0.41,0.41,0.41,0.0
19070304T,0.47,0.47,0.47,0.47,0.0
19070311T,0.44,0.44,0.44,0.44,0.0
19080306T,0.37,0.37,0.37,0.37,0.0
19060406T,0.48,0.48,0.48,0.48,0.0
19070401T,0.45,0.45,0.45,0.45,0.0
19070408T,0.34,0.34,0.34,0.34,0.0
19080403T,0.42,0.42,0.42,0.42,0.0
19060504T,0.46,0.46,0.46,0.46,0.0
19060511T,0.55,0.55,0.55,0.55,0.0
19070506T,0.39,0.39,0.39,0.39,0.0
19080501T,0.33,0.33,0.33,0.33,0.0
19060601T,0.31,0.31,0.31,0.31,0.0
19060608T,0.26,0.26,0.26,0.26,0.0
19070603T,0.26,0.26,0.26,0.26,0.0
19070610T,0.34,0.34,0.34,0.34,0.0
19080605T,0.39,0.39,0.39,0.39,0.0
19060706T,0.38,0.38,0.38,0.38,0.0
19070701T,0.37,0.37,0.37,0.37,0.0
19070708T,0.24,0.24,0.24,0.24,0.0
19080703T,0.35,0.35,0.35,0.35,0.0
19060803T,0.31,0.31,0.31,0.31,0.0
19060810T,0.37,0.37,0.37,0.37,0.0
19070805T,0.31,0.31,0.31,0.31,0.0
19070812T,0.39,0.39,0.39,0.39,0.0
19080807T,0.42,0.42,0.42,0.42,0.0
19060907T,0.43,0.43,0.43,0.43,0.0
19070902T,0.48,0.48,0.48,0.48,0.0
19070909T,0.48,0.48,0.48,0.48,0.0
19080904T,0.51,0.51,0.51,0.51,0.0
19061005T,0.38,0.38,0.38,0.38,0.0
19061012T,0.49,0.49,0.49,0.49,0.0
19071007T,0.54,0.54,0.54,0.54,0.0
19081002T,0.52,0.52,0.52,0.52,0.0
19061102T,0.44,0.44,0.44,0.44,0.0
19061109T,0.51,0.51,0.51,0.51,0.0
19071104T,0.47,0.47,0.47,0.47,0.0
19071111T,0.42,0.42,0.42,0.42,0.0
19081106T,0.4,0.4,0.4,0.4,0.0
19061207T,0.39,0.39,0.39,0.39,0.0
19071202T,0.41,0.41,0.41,0.41,0.0
19071209T,0.39,0.39,0.39,0.39,0.0
19081204T,0.46,0.46,0.46,0.46,0.0
19070104T,0.49,0.49,0.49,0.49,0.0
19070111T,0.44,0.44,0.44,0.44,0.0
19080106T,0.58,0.58,0.58,0.58,0.0
19090101T,0.4,0.4,0.4,0.4,0.0
19070201T,0.46,0.46,0.46,0.46,0.0
19070208T,0.46,0.46,0.46,0.46,0.0
19080203T,0.48,0.48,0.48,0.48,0.0
19080210T,0.54,0.54,0.54,0.54,0.0
19070301T,0.37,0.37,0.37,0.37,0.0
19070308T,0.36,0.36,0.36,0.36,0.0
19080303T,0.33,0.33,0.33,0.33,0.0
19080310T,0.44,0.44,0.44,0.44,0.0
19090305T,0.43,0.43,0.43,0.43,0.0
19070405T,0.32,0.32,0.32,0.32,0.0
19070412T,0.41,0.41,0.41,0.41,0.0
19080407T,0.47,0.47,0.47,0.47,0.0
19090402T,0.39,0.39,0.39,0.39,0.0
19070503T,0.29,0.29,0.29,0.29,0.0
19070510T,0.43,0.43,0.43,0.43,0.0
19080505T,0.38,0.38,0.38,0.38,0.0
19080512T,0.37,0.37,0.37,0.37,0.0
19090507T,0.33,0.33,0.33,0.33,0.0
19070607T,0.41,0.41,0.41,0.41,0.0
19080602T,0.37,0.37,0.37,0.37,0.0
19080609T,0.43,0.43,0.43,0.43,0.0
19090604T,0.39,0.39,0.39,0.39,0.0
19070705T,0.44,0.44,0.44,0.44,0.0
19070712T,0.44,0.44,0.44,0.44,0.0
19080707T,0.42,0.42,0.42,0.42,0.0
19090702T,0.44,0.44,0.44,0.44,0.0
19070802T,0.46,0.46,0.46,0.46,0.0
19070809T,0.46,0.46,0.46,0.46,0.0
19080804T,0.42,0.42,0.42,0.42,0.0
19080811T,0.41,0.41,0.41,0.41,0.0
19090806T,0.4,0.4,0.4,0.4,0.0
19070906T,0.38,0.38,0.38,0.38,0.0
19080901T,0.4,0.4,0.4,0.4,0.0
19080908T,0.39,0.39,0.39,0.39,0.0
19090903T,0.49,0.49,0.49,0.49,0.0
19071004T,0.52,0.52,0.52,0.52,0.0
19071011T,0.55,0.55,0.55,0.55,0.0
19081006T,0.42,0.42,0.42,0.42,0.0
19091001T,0.31,0.31,0.31,0.31,0.0
19071101T,0.45,0.45,0.45,0.45,0.0
19071108T,0.36,0.36,0.36,0.36,0.0
19081103T,0.33,0.33,0.33,0.33,0.0
19081110T,0.26,0.26,0.26,0.26,0.0
19091105T,0.29,0.29,0.29,0.29,0.0
19071206T,0.41,0.41,0.41,0.41,0.0
19081201T,0.48,0.48,0.48,0.48,0.0
19081208T,0.36,0.36,0.36,0.36,0.0
19091203T,0.3,0.3,0.3,0.3,0.0
19080103T,0.26,0.26,0.26,0.26,0.0
19080110T,0.2,0.2,0.2,0.2,0.0
19090105T,0.24,0.24,0.24,0.24,0.0
19090112T,0.25,0.25,0.25,0.25,0.0
19100107T,0.3,0.3,0.3,0.3,0.0
19080207T,0.34,0.34,0.34,0.34,0.0
19090202T,0.33,0.33,0.33,0.33,0.0
19090209T,0.33,0.33,0.33,0.33,0.0
19100204T,0.34,0.34,0.34,0.34,0.0
19080306T,0.22,0.22,0.22,0.22,0.0
19090301T,0.2,0.2,0.2,0.2,0.0
19090308T,0.25,0.25,0.25,0.25,0.0
19100303T,0.42,0.42,0.42,0.42,0.0
19080403T,0.37,0.37,0.37,0.37,0.0
19080410T,0.46,0.46,0.46,0.46,0.0
19090405T,0.3,0.3,0.3,0.3,0.0
19090412T,0.47,0.47,0.47,0.47,0.0
19080501T,0.53,0.53,0.53,0.53,0.0
19080508T,0.53,0.53,0.53,0.53,0.0
19090503T,0.45,0.45,0.45,0.45,0.0
19090510T,0.46,0.46,0.46,0.46,0.0
19100505T,0.31,0.31,0.31,0.31,0.0
19080605T,0.43,0.43,0.43,0.43,0.0
19080612T,0.31,0.31,0.31,0.31,0.0
19090607T,0.33,0.33,0.33,0.33,0.0
19100602T,0.31,0.31,0.31,0.31,0.0
19080703T,0.24,0.24,0.24,0.24,0.0
19080710T,0.22,0.22,0.22,0.22,0.0
19090705T,0.25,0.25,0.25,0.25,0.0
19090712T,0.36,0.36,0.36,0.36,0.0
19100707T,0.4,0.4,0.4,0.4,0.0
19080807T,0.36,0.36,0.36,0.36,0.0
19090802T,0.43,0.43,0.43,0.43,0.0
19090809T,0.38,0.38,0.38,0.38,0.0
19100804T,0.31,0.31,0.31,0.31,0.0
19080904T,0.37,0.37,0.37,0.37,0.0
19080911T,0.29,0.29,0.29,0.29,0.0
19090906T,0.27,0.27,0.27,0.27,0.0
19100901T,0.34,0.34,0.34,0.34,0.0
19081002T,0.33,0.33,0.33,0.33,0.0
19081009T,0.31,0.31,0.31,0.31,0.0
19091004T,0.41,0.41,0.41,0.41,0.0
19091011T,0.39,0.39,0.39,0.39,0.0
19101006T,0.37,0.37,0.37,0.37,0.0
19081106T,0.45,0.45,0.45,0.45,0.0
19091101T,0.38,0.38,0.38,0.38,0.0
19091108T,0.24,0.24,0.24,0.24,0.0
19101103T,0.31,0.31,0.31,0.31,0.0
19081204T,0.27,0.27,0.27,0.27,0.0
19081211T,0.38,0.38,0.38,0.38,0.0
19091206T,0.4,0.4,0.4,0.4,0.0
19101201T,0.29,0.29,0.29,0.29,0.0
19090101T,0.24,0.24,0.24,0.24,0.0
19090108T,0.49,0.49,0.49,0.49,0.0
19100103T,0.28,0.28,0.28,0.28,0.0
19100110T,0.27,0.27,0.27,0.27,0.0
19110105T,0.25,0.25,0.25,0.25,0.0
19090205T,0.25,0.25,0.25,0.25,0.0
19090212T,0.33,0.33,0.33,0.33,0.0
19100207T,0.22,0.22,0.22,0.22,0.0
19110202T,0.24,0.24,0.24,0.24,0.0
19090305T,0.19,0.19,0.19,0.19,0.0
19090312T,0.28,0.28,0.28,0.28,0.0
19100307T,0.45,0.45,0.45,0.45,0.0
19110302T,0.39,0.39,0.39,0.39,0.0
19090402T,0.43,0.43,0.43,0.43,0.0
19090409T,0.36,0.36,0.36,0.36,0.0
19100404T,0.44,0.44,0.44,0.44,0.0
19100411T,0.32,0.32,0.32,0.32,0.0
19110406T,0.36,0.36,0.36,0.36,0.0
19090507T,0.44,0.44,0.44,0.44,0.0
19100502T,0.44,0.44,0.44,0.44,0.0
19100509T,0.34,0.34,0.34,0.34,0.0
19110504T,0.4,0.4,0.4,0.4,0.0
19090604T,0.48,0.48,0.48,0.48,0.0
19090611T,0.39,0.39,0.39,0.39,0.0
19100606T,0.33,0.33,0.33,0.33,0.0
19110601T,0.28,0.28,0.28,0.28,0.0
19090702T,0.38,0.38,0.38,0.38,0.0
19090709T,0.28,0.28,0.28,0.28,0.0
19100704T,0.29,0.29,0.29,0.29,0.0
19100711T,0.38,0.38,0.38,0.38,0.0
19110706T,0.48,0.48,0.48,0.48,0.0
19090806T,0.5,0.5,0.5,0.5,0.0
19100801T,0.51,0.51,0.51,0.51,0.0
19100808T,0.34,0.34,0.34,0.34,0.0
19110803T,0.34,0.34,0.34,0.34,0.0
19090903T,0.38,0.38,0.38,0.38,0.0
19090910T,0.37,0.37,0.37,0.37,0.0
19100905T,0.42,0.42,0.42,0.42,0.0
19100912T,0.39,0.39,0.39,0.39,0.0
19091001T,0.44,0.44,0.44,0.44,0.0
19091008T,0.35,0.35,0.35,0.35,0.0
19101003T,0.47,0.47,0.47,0.47,0.0
19101010T,0.4,0.4,0.4,0.4,0.0
19111005T,0.34,0.34,0.34,0.34,0.0
19091105T,0.22,0.22,0.22,0.22,0.0
19091112T,0.39,0.39,0.39,0.39,0.0
19101107T,0.43,0.43,0.43,0.43,0.0
19111102T,0.42,0.42,0.42,0.42,0.0
19091203T,0.42,0.42,0.42,0.42,0.0
19091210T,0.43,0.43,0.43,0.43,0.0
19101205T,0.42,0.42,0.42,0.42,0.0
19101212T,0.38,0.38,0.38,0.38,0.0
19111207T,0.49,0.49,0.49,0.49,0.0
19100107T,0.41,0.41,0.41,0.41,0.0
19110102T,0.47,0.47,0.47,0.47,0.0
19110109T,0.4,0.4,0.4,0.4,0.0
19120104T,0.35,0.35,0.35,0.35,0.0
19100204T,0.29,0.29,0.29,0.29,0.0
19100211T,0.37,0.37,0.37,0.37,0.0
19110206T,0.36,0.36,0.36,0.36,0.0
19120201T,0.35,0.35,0.35,0.35,0.0
19100304T,0.36,0.36,0.36,0.36,0.0
19100311T,0.45,0.45,0.45,0.45,0.0
19110306T,0.35,0.35,0.35,0.35,0.0
19120301T,0.32,0.32,0.32,0.32,0.0
19100401T,0.41,0.41,0.41,0.41,0.0
19100408T,0.43,0.43,0.43,0.43,0.0
19110403T,0.48,0.48,0.48,0.48,0.0
19110410T,0.38,0.38,0.38,0.38,0.0
19120405T,0.41,0.41,0.41,0.41,0.0
19100506T,0.39,0.39,0.39,0.39,0.0
19110501T,0.37,0.37,0.37,0.37,0.0
19110508T,0.41,0.41,0.41,0.41,0.0
19120503T,0.3,0.3,0.3,0.3,0.0
19100603T,0.37,0.37,0.37,0.37,0.0
19100610T,0.34,0.34,0.34,0.34,0.0
19110605T,0.42,0.42,0.42,0.42,0.0
19110612T,0.34,0.34,0.34,0.34,0.0
19100701T,0.25,0.25,0.25,0.25,0.0
19100708T,0.21,0.21,0.21,0.21,0.0
19110703T,0.39,0.39,0.39,0.39,0.0
19110710T,0.32,0.32,0.32,0.32,0.0
19120705T,0.4,0.4,0.4,0.4,0.0
19100805T,0.3,0.3,0.3,0.3,0.0
19100812T,0.4,0.4,0.4,0.4,0.0
19110807T,0.3,0.3,0.3,0.3,0.0
19120802T,0.21,0.21,0.21,0.21,0.0
19100902T,0.31,0.31,0.31,0.31,0.0
19100909T,0.44,0.44,0.44,0.44,0.0
19110904T,0.51,0.51,0.51,0.51,0.0
19110911T,0.45,0.45,0.45,0.45,0.0
19120906T,0.43,0.43,0.43,0.43,0.0
19101007T,0.49,0.49,0.49,0.49,0.0
19111002T,0.47,0.47,0.47,0.47,0.0
19111009T,0.5,0.5,0.5,0.5,0.0
19121004T,0.51,0.51,0.51,0.51,0.0
19101104T,0.48,0.48,0.48,0.48,0.0
19101111T,0.58,0.58,0.58,0.58,0.0
19111106T,0.4,0.4,0.4,0.4,0.0
19121101T,0.47,0.47,0.47,0.47,0.0
19101202T,0.5,0.5,0.5,0.5,0.0
19101209T,0.53,0.53,0.53,0.53,0.0
19111204T,0.5,0.5,0.5,0.5,0.0
19111211T,0.63,0.63,0.63,0.63,0.0
19121206T,0.52,0.52,0.52,0.52,0.0
19110106T,0.56,0.56,0.56,0.56,0.0
19120101T,0.52,0.52,0.52,0.52,0.0
19120108T,0.51,0.51,0.51,0.51,0.0
19130103T,0.42,0.42,0.42,0.42,0.0
19110203T,0.52,0.52,0.52,0.52,0.0
19110210T,0.49,0.49,0.49,0.49,0.0
19120205T,0.47,0.47,0.47,0.47,0.0
19120212T,0.37,0.37,0.37,0.37,0.0
19110303T,0.37,0.37,0.37,0.37,0.0
19110310T,0.36,0.36,0.36,0.36,0.0
19120305T,0.28,0.28,0.28,0.28,0.0
19120312T,0.38,0.38,0.38,0.38,0.0
19130307T,0.42,0.42,0.42,0.42,0.0
19110407T,0.44,0.44,0.44,0.44,0.0
19120402T,0.42,0.42,0.42,0.42,0.0
19120409T,0.32,0.32,0.32,0.32,0.0
19130404T,0.38,0.38,0.38,0.38,0.0
19110505T,0.35,0.35,0.35,0.35,0.0
19110512T,0.31,0.31,0.31,0.31,0.0
19120507T,0.27,0.27,0.27,0.27,0.0
19130502T,0.26,0.26,0.26,0.26,0.0
19110602T,0.3,0.3,0.3,0.3,0.0
19110609T,0.24,0.24,0.24,0.24,0.0
19120604T,0.29,0.29,0.29,0.29,0.0
19120611T,0.37,0.37,0.37,0.37,0.0
19130606T,0.38,0.38,0.38,0.38,0.0
19110707T,0.42,0.42,0.42,0.42,0.0
19120702T,0.39,0.39,0.39,0.39,0.0
19120709T,0.4,0.4,0.4,0.4,0.0
19130704T,0.38,0.38,0.38,0.38,0.0
19110804T,0.27,0.27,0.27,0.27,0.0
19110811T,0.33,0.33,0.33,0.33,0.0
19120806T,0.36,0.36,0.36,0.36,0.0
19130801T,0.36,0.36,0.36,0.36,0.0
19110901T,0.39,0.39,0.39,0.39,0.0
19110908T,0.3,0.3,0.3,0.3,0.0
19120903T,0.31,0.31,0.31,0.31,0.0
19120910T,0.25,0.25,0.25,0.25,0.0
19130905T,0.33,0.33,0.33,0.33,0.0
19111006T,0.35,0.35,0.35,0.35,0.0
19121001T,0.4,0.4,0.4,0.4,0.0
19121008T,0.36,0.36,0.36,0.36,0.0
19131003T,0.43,0.43,0.43,0.43,0.0
19111103T,0.4,0.4,0.4,0.4,0.0
19111110T,0.45,0.45,0.45,0.45,0.0
19121105T,0.42,0.42,0.42,0.42,0.0
19121112T,0.33,0.33,0.33,0.33,0.0
19111201T,0.33,0.33,0.33,0.33,0.0
19111208T,0.39,0.39,0.39,0.39,0.0
19121203T,0.4,0.4,0.4,0.4,0.0
19121210T,0.34,0.34,0.34,0.34,0.0
19131205T,0.41,0.41,0.41,0.41,0.0
19120105T,0.49,0.49,0.49,0.49,0.0
19120112T,0.49,0.49,0.49,0.49,0.0
19130107T,0.47,0.47,0.47,0.47,0.0
19140102T,0.48,0.48,0.48,0.48,0.0
19120202T,0.44,0.44,0.44,0.44,0.0
19120209T,0.52,0.52,0.52,0.52,0.0
19130204T,0.43,0.43,0.43,0.43,0.0
19130211T,0.44,0.44,0.44,0.44,0.0
19120301T,0.45,0.45,0.45,0.45,0.0
19120308T,0.42,0.42,0.42,0.42,0.0
19130303T,0.46,0.46,0.46,0.46,0.0
19130310T,0.42,0.42,0.42,0.42,0.0
19140305T,0.42,0.42,0.42,0.42,0.0
19120405T,0.38,0.38,0.38,0.38,0.0
19120412T,0.28,0.28,0.28,0.28,0.0
19130407T,0.31,0.31,0.31,0.31,0.0
19140402T,0.28,0.28,0.28,0.28,0.0
19120503T,0.35,0.35,0.35,0.35,0.0
19120510T,0.25,0.25,0.25,0.25,0.0
19130505T,0.24,0.24,0.24,0.24,0.0
19130512T,0.3,0.3,0.3,0.3,0.0
19140507T,0.28,0.28,0.28,0.28,0.0
19120607T,0.27,0.27,0.27,0.27,0.0
19130602T,0.34,0.34,0.34,0.34,0.0
19130609T,0.33,0.33,0.33,0.33,0.0
19140604T,0.29,0.29,0.29,0.29,0.0
19120705T,0.33,0.33,0.33,0.33,0.0
19120712T,0.3,0.3,0.3,0.3,0.0
19130707T,0.22,0.22,0.22,0.22,0.0
19140702T,0.28,0.28,0.28,0.28,0.0
19120802T,0.3,0.3,0.3,0.3,0.0
19120809T,0.36,0.36,0.36,0.36,0.0
19130804T,0.37,0.37,0.37,0.37,0.0
19130811T,0.42,0.42,0.42,0.42,0.0
19140806T,0.35,0.35,0.35,0.35,0.0
19120906T,0.33,0.33,0.33,0.33,0.0
19130901T,0.36,0.36,0.36,0.36,0.0
19130908T,0.38,0.38,0.38,0.38,0.0
19140903T,0.36,0.36,0.36,0.36,0.0
19121004T,0.34,0.34,0.34,0.34,0.0
19121011T,0.31,0.31,0.31,0.31,0.0
19131006T,0.29,0.29,0.29,0.29,0.0
19141001T,0.29,0.29,0.29,0.29,0.0
19121101T,0.36,0.36,0.36,0.36,0.0
19121108T,0.39,0.39,0.39,0.39,0.0
19131103T,0.29,0.29,0.29,0.29,0.0
19131110T,0.36,0.36,0.36,0.36,0.0
19141104T,0.41,0.41,0.41,0.41,0.0
19121206T,0.42,0.42,0.42,0.42,0.0
19131201T,0.43,0.43,0.43,0.43,0.0
19131208T,0.46,0.46,0.46,0.46,0.0
19141203T,0.44,0.44,0.44,0.44,0.0
19130103T,0.39,0.39,0.39,0.39,0.0
19130110T,0.46,0.46,0.46,0.46,0.0
19140105T,0.44,0.44,0.44,0.44,0.0
19140112T,0.52,0.52,0.52,0.52,0.0
19150107T,0.48,0.48,0.48,0.48,0.0
19130207T,0.43,0.43,0.43,0.43,0.0
19140202T,0.42,0.42,0.42,0.42,0.0
19140209T,0.42,0.42,0.42,0.42,0.0
19150204T,0.28,0.28,0.28,0.28,0.0
19130307T,0.31,0.31,0.31,0.31,0.0
19140302T,0.45,0.45,0.45,0.45,0.0
19140309T,0.39,0.39,0.39,0.39,0.0
19150304T,0.38,0.38,0.38,0.38,0.0
19130404T,0.35,0.35,0.35,0.35,0.0
19130411T,0.19,0.19,0.19,0.19,0.0
19140406T,0.27,0.27,0.27,0.27,0.0
19150401T,0.28,0.28,0.28,0.28,0.0
19130502T,0.31,0.31,0.31,0.31,0.0
19130509T,0.41,0.41,0.41,0.41,0.0
19140504T,0.38,0.38,0.38,0.38,0.0
19140511T,0.49,0.49,0.49,0.49,0.0
19150506T,0.36,0.36,0.36,0.36,0.0
19130606T,0.29,0.29,0.29,0.29,0.0
19140601T,0.33,0.33,0.33,0.33,0.0
19140608T,0.37,0.37,0.37,0.37,0.0
19150603T,0.3,0.3,0.3,0.3,0.0
19130704T,0.42,0.42,0.42,0.42,0.0
19130711T,0.49,0.49,0.49,0.49,0.0
19140706T,0.48,0.48,0.48,0.48,0.0
19150701T,0.45,0.45,0.45,0.45,0.0
19130801T,0.36,0.36,0.36,0.36,0.0
19130808T,0.4,0.4,0.4,0.4,0.0
19140803T,0.35,0.35,0.35,0.35,0.0
19140810T,0.29,0.29,0.29,0.29,0.0
19150805T,0.34,0.34,0.34,0.34,0.0
19130905T,0.36,0.36,0.36,0.36,0.0
19130912T,0.46,0.46,0.46,0.46,0.0
19140907T,0.45,0.45,0.45,0.45,0.0
19150902T,0.36,0.36,0.36,0.36,0.0
19131003T,0.38,0.38,0.38,0.38,0.0
19131010T,0.41,0.41,0.41,0.41,0.0
19141005T,0.46,0.46,0.46,0.46,0.0
19141012T,0.49,0.49,0.49,0.49,0.0
19151007T,0.45,0.45,0.45,0.45,0.0
19131107T,0.45,0.45,0.45,0.45,0.0
19141102T,0.39,0.39,0.39,0.39,0.0
19141109T,0.34,0.34,0.34,0.34,0.0
19151104T,0.47,0.47,0.47,0.47,0.0
19131205T,0.43,0.43,0.43,0.43,0.0
19131212T,0.41,0.41,0.41,0.41,0.0
19141207T,0.47,0.47,0.47,0.47,0.0
19151202T,0.55,0.55,0.55,0.55,0.0
19140102T,0.43,0.43,0.43,0.43,0.0
19140109T,0.44,0.44,0.44,0.44,0.0
19150104T,0.39,0.39,0.39,0.39,0.0
19150111T,0.38,0.38,0.38,0.38,0.0
19160106T,0.32,0.32,0.32,0.32,0.0
19140206T,0.28,0.28,0.28,0.28,0.0
19150201T,0.4,0.4,0.4,0.4,0.0
19150208T,0.42,0.42,0.42,0.42,0.0
19160203T,0.4,0.4,0.4,0.4,0.0
19140306T,0.41,0.41,0.41,0.41,0.0
19150301T,0.41,0.41,0.41,0.41,0.0
19150308T,0.37,0.37,0.37,0.37,0.0
19160303T,0.31,0.31,0.31,0.31,0.0
19140403T,0.35,0.35,0.35,0.35,0.0
19140410T,0.28,0.28,0.28,0.28,0.0
19150405T,0.27,0.27,0.27,0.27,0.0
19150412T,0.35,0.35,0.35,0.35,0.0
19140501T,0.3,0.3,0.3,0.3,0.0
19140508T,0.28,0.28,0.28,0.28,0.0
19150503T,0.33,0.33,0.33,0.33,0.0
19150510T,0.3,0.3,0.3,0.3,0.0
19160505T,0.36,0.36,0.36,0.36,0.0
19140605T,0.4,0.4,0.4,0.4,0.0
19140612T,0.45,0.45,0.45,0.45,0.0
19150607T,0.35,0.35,0.35,0.35,0.0
19160602T,0.37,0.37,0.37,0.37,0.0
19140703T,0.39,0.39,0.39,0.39,0.0
19140710T,0.38,0.38,0.38,0.38,0.0
19150705T,0.32,0.32,0.32,0.32,0.0
19150712T,0.3,0.3,0.3,0.3,0.0
19160707T,0.31,0.31,0.31,0.31,0.0
19140807T,0.31,0.31,0.31,0.31,0.0
19150802T,0.4,0.4,0.4,0.4,0.0
19150809T,0.46,0.46,0.46,0.46,0.0
19160804T,0.52,0.52,0.52,0.52,0.0
19140904T,0.45,0.45,0.45,0.45,0.0
19140911T,0.4,0.4,0.4,0.4,0.0
19150906T,0.42,0.42,0.42,0.42,0.0
19160901T,0.42,0.42,0.42,0.42,0.0
19141002T,0.35,0.35,0.35,0.35,0.0
19141009T,0.4,0.4,0.4,0.4,0.0
19151004T,0.43,0.43,0.43,0.43,0.0
19151011T,0.5,0.5,0.5,0.5,0.0
19161006T,0.49,0.49,0.49,0.49,0.0
19141106T,0.53,0.53,0.53,0.53,0.0
19151101T,0.58,0.58,0.58,0.58,0.0
19151108T,0.49,0.49,0.49,0.49,0.0
19161103T,0.52,0.52,0.52,0.52,0.0
19141204T,0.43,0.43,0.43,0.43,0.0
19141211T,0.45,0.45,0.45,0.45,0.0
19151206T,0.39,0.39,0.39,0.39,0.0
19161201T,0.51,0.51,0.51,0.51,0.0
19150101T,0.52,0.52,0.52,0.52,0.0
19150108T,0.41,0.41,0.41,0.41,0.0
19160103T,0.46,0.46,0.46,0.46,0.0
19160110T,0.37,0.37,0.37,0.37,0.0
19170105T,0.44,0.44,0.44,0.44,0.0
19150205T,0.35,0.35,0.35,0.35,0.0
19150212T,0.4,0.4,0.4,0.4,0.0
19160207T,0.47,0.47,0.47,0.47,0.0
19170202T,0.45,0.45,0.45,0.45,0.0
19150305T,0.4,0.4,0.4,0.4,0.0
19150312T,0.32,0.32,0.32,0.32,0.0
19160307T,0.27,0.27,0.27,0.27,0.0
19170302T,0.38,0.38,0.38,0.38,0.0
19150402T,0.35,0.35,0.35,0.35,0.0
19150409T,0.29,0.29,0.29,0.29,0.0
19160404T,0.32,0.32,0.32,0.32,0.0
19160411T,0.31,0.31,0.31,0.31,0.0
19170406T,0.31,0.31,0.31,0.31,0.0
19150507T,0.27,0.27,0.27,0.27,0.0
19160502T,0.27,0.27,0.27,0.27,0.0
19160509T,0.25,0.25,0.25,0.25,0.0
19170504T,0.27,0.27,0.27,0.27,0.0
19150604T,0.27,0.27,0.27,0.27,0.0
19150611T,0.2,0.2,0.2,0.2,0.0
19160606T,0.25,0.25,0.25,0.25,0.0
19170601T,0.36,0.36,0.36,0.36,0.0
19150702T,0.23,0.23,0.23,0.23,0.0
19150709T,0.28,0.28,0.28,0.28,0.0
19160704T,0.31,0.31,0.31,0.31,0.0
19160711T,0.33,0.33,0.33,0.33,0.0
19170706T,0.21,0.21,0.21,0.21,0.0
19150806T,0.24,0.24,0.24,0.24,0.0
19160801T,0.3,0.3,0.3,0.3,0.0
19160808T,0.27,0.27,0.27,0.27,0.0
19170803T,0.33,0.33,0.33,0.33,0.0
19150903T,0.32,0.32,0.32,0.32,0.0
19150910T,0.35,0.35,0.35,0.35,0.0
19160905T,0.33,0.33,0.33,0.33,0.0
19160912T,0.32,0.32,0.32,0.32,0.0
19151001T,0.28,0.28,0.28,0.28,0.0
19151008T,0.38,0.38,0.38,0.38,0.0
19161003T,0.34,0.34,0.34,0.34,0.0
19161010T,0.35,0.35,0.35,0.35,0.0
19171005T,0.4,0.4,0.4,0.4,0.0
19151105T,0.39,0.39,0.39,0.39,0.0
19151112T,0.34,0.34,0.34,0.34,0.0
19161107T,0.31,0.31,0.31,0.31,0.0
19171102T,0.32,0.32,0.32,0.32,0.0
19151203T,0.29,0.29,0.29,0.29,0.0
19151210T,0.29,0.29,0.29,0.29,0.0
19161205T,0.24,0.24,0.24,0.24,0.0
19161212T,0.26,0.26,0.26,0.26,0.0
19171207T,0.25,0.25,0.25,0.25,0.0
19160107T,0.22,0.22,0.22,0.22,0.0
19170102T,0.18,0.18,0.18,0.18,0.0
19170109T,0.22,0.22,0.22,0.22,0.0
19180104T,0.3,0.3,0.3,0.3,0.0
19160204T,0.28,0.28,0.28,0.28,0.0
19160211T,0.19,0.19,0.19,0.19,0.0
19170206T,0.28,0.28,0.28,0.28,0.0
19180201T,0.31,0.31,0.31,0.31,0.0
19160303T,0.32,0.32,0.32,0.32,0.0
19160310T,0.37,0.37,0.37,0.37,0.0
19170305T,0.3,0.3,0.3,0.3,0.0
19170312T,0.34,0.34,0.34,0.34,0.0
19180307T,0.27,0.27,0.27,0.27,0.0
19160407T,0.32,0.32,0.32,0.32,0.0
19170402T,0.28,0.28,0.28,0.28,0.0
19170409T,0.33,0.33,0.33,0.33,0.0
19180404T,0.27,0.27,0.27,0.27,0.0
19160505T,0.22,0.22,0.22,0.22,0.0
19160512T,0.2,0.2,0.2,0.2,0.0
19170507T,0.19,0.19,0.19,0.19,0.0
19180502T,0.18,0.18,0.18,0.18,0.0
19160602T,0.3,0.3,0.3,0.3,0.0
19160609T,0.28,0.28,0.28,0.28,0.0
19170604T,0.25,0.25,0.25,0.25,0.0
19170611T,0.22,0.22,0.22,0.22,0.0
19180606T,0.29,0.29,0.29,0.29,0.0
19160707T,0.31,0.31,0.31,0.31,0.0
19170702T,0.37,0.37,0.37,0.37,0.0
19170709T,0.35,0.35,0.35,0.35,0.0
19180704T,0.31,0.31,0.31,0.31,0.0
19160804T,0.3,0.3,0.3,0.3,0.0
19160811T,0.31,0.31,0.31,0.31,0.0
19170806T,0.36,0.36,0.36,0.36,0.0
19180801T,0.29,0.29,0.29,0.29,0.0
19160901T,0.29,0.29,0.29,0.29,0.0
19160908T,0.3,0.3,0.3,0.3,0.0
19170903T,0.28,0.28,0.28,0.28,0.0
19170910T,0.25,0.25,0.25,0.25,0.0
19180905T,0.24,0.24,0.24,0.24,0.0
19161006T,0.29,0.29,0.29,0.29,0.0
19171001T,0.25,0.25,0.25,0.25,0.0
19171008T,0.24,0.24,0.24,0.24,0.0
19181003T,0.25,0.25,0.25,0.25,0.0
19161103T,0.24,0.24,0.24,0.24,0.0
19161110T,0.39,0.39,0.39,0.39,0.0
19171105T,0.47,0.47,0.47,0.47,0.0
19171112T,0.5,0.5,0.5,0.5,0.0
19161201T,0.44,0.44,0.44,0.44,0.0
19161208T,0.43,0.43,0.43,0.43,0.0
19171203T,0.45,0.45,0.45,0.45,0.0
19171210T,0.45,0.45,0.45,0.45,0.0
19181205T,0.46,0.46,0.46,0.46,0.0
19170105T,0.46,0.46,0.46,0.46,0.0
19170112T,0.44,0.44,0.44,0.44,0.0
19180107T,0.37,0.37,0.37,0.37,0.0
19190102T,0.32,0.32,0.32,0.32,0.0
19170202T,0.33,0.33,0.33,0.33,0.0
19170209T,0.36,0.36,0.36,0.36,0.0
19180204T,0.33,0.33,0.33,0.33,0.0
19180211T,0.38,0.38,0.38,0.38,0.0
19170302T,0.38,0.38,0.38,0.38,0.0
19170309T,0.3,0.3,0.3,0.3,0.0
19180304T,0.31,0.31,0.31,0.31,0.0
19180311T,0.35,0.35,0.35,0.35,0.0
19190306T,0.3,0.3,0.3,0.3,0.0
19170406T,0.28,0.28,0.28,0.28,0.0
19180401T,0.29,0.29,0.29,0.29,0.0
19180408T,0.26,0.26,0.26,0.26,0.0
19190403T,0.38,0.38,0.38,0.38,0.0
19170504T,0.38,0.38,0.38,0.38,0.0
19170511T,0.33,0.33,0.33,0.33,0.0
19180506T,0.24,0.24,0.24,0.24,0.0
19190501T,0.33,0.33,0.33,0.33,0.0
19170601T,0.27,0.27,0.27,0.27,0.0
19170608T,0.35,0.35,0.35,0.35,0.0
19180603T,0.32,0.32,0.32,0.32,0.0
19180610T,0.33,0.33,0.33,0.33,0.0
19190605T,0.3,0.3,0.3,0.3,0.0
19170706T,0.3,0.3,0.3,0.3,0.0
19180701T,0.28,0.28,0.28,0.28,0.0
19180708T,0.35,0.35,0.35,0.35,0.0
19190703T,0.34,0.34,0.34,0.34,0.0
19170803T,0.36,0.36,0.36,0.36,0.0
19170810T,0.34,0.34,0.34,0.34,0.0
19180805T,0.34,0.34,0.34,0.34,0.0
19180812T,0.28,0.28,0.28,0.28,0.0
19190807T,0.25,0.25,0.25,0.25,0.0
19170907T,0.29,0.29,0.29,0.29,0.0
19180902T,0.41,0.41,0.41,0.41,0.0
19180909T,0.4,0.4,0.4,0.4,0.0
19190904T,0.33,0.33,0.33,0.33,0.0
19171005T,0.36,0.36,0.36,0.36,0.0
19171012T,0.4,0.4,0.4,0.4,0.0
19181007T,0.38,0.38,0.38,0.38,0.0
19191002T,0.4,0.4,0.4,0.4,0.0
19171102T,0.45,0.45,0.45,0.45,0.0
19171109T,0.45,0.45,0.45,0.45,0.0
19181104T,0.29,0.29,0.29,0.29,0.0
19181111T,0.35,0.35,0.35,0.35,0.0
19191106T,0.36,0.36,0.36,0.36,0.0
19171207T,0.37,0.37,0.37,0.37,0.0
19181202T,0.45,0.45,0.45,0.45,0.0
19181209T,0.51,0.51,0.51,0.51,0.0
19191204T,0.53,0.53,0.53,0.53,0.0
19180104T,0.6,0.6,0.6,0.6,0.0
19180111T,0.49,0.49,0.49,0.49,0.0
19190106T,0.54,0.54,0.54,0.54,0.0
19200101T,0.45,0.45,0.45,0.45,0.0
19180201T,0.45,0.45,0.45,0.45,0.0
19180208T,0.37,0.37,0.37,0.37,0.0
19190203T,0.49,0.49,0.49,0.49,0.0
19190210T,0.45,0.45,0.45,0.45,0.0
19180301T,0.37,0.37,0.37,0.37,0.0
19180308T,0.26,0.26,0.26,0.26,0.0
19190303T,0.37,0.37,0.37,0.37,0.0
19190310T,0.33,0.33,0.33,0.33,0.0
19200305T,0.32,0.32,0.32,0.32,0.0
19180405T,0.32,0.32,0.32,0.32,0.0
19180412T,0.26,0.26,0.26,0.26,0.0
19190407T,0.38,0.38,0.38,0.38,0.0
19200402T,0.37,0.37,0.37,0.37,0.0
19180503T,0.28,0.28,0.28,0.28,0.0
19180510T,0.34,0.34,0.34,0.34,0.0
19190505T,0.37,0.37,0.37,0.37,0.0
19190512T,0.39,0.39,0.39,0.39,0.0
19200507T,0.35,0.35,0.35,0.35,0.0
19180607T,0.39,0.39,0.39,0.39,0.0
19190602T,0.45,0.45,0.45,0.45,0.0
19190609T,0.39,0.39,0.39,0.39,0.0
19200604T,0.28,0.28,0.28,0.28,0.0
19180705T,0.28,0.28,0.28,0.28,0.0
19180712T,0.43,0.43,0.43,0.43,0.0
19190707T,0.35,0.35,0.35,0.35,0.0
19200702T,0.32,0.32,0.32,0.32,0.0
19180802T,0.29,0.29,0.29,0.29,0.0
19180809T,0.36,0.36,0.36,0.36,0.0
19190804T,0.36,0.36,0.36,0.36,0.0
19190811T,0.38,0.38,0.38,0.38,0.0
19200806T,0.44,0.44,0.44,0.44,0.0
19180906T,0.42,0.42,0.42,0.42,0.0
19190901T,0.32,0.32,0.32,0.32,0.0
19190908T,0.32,0.32,0.32,0.32,0.0
19200903T,0.36,0.36,0.36,0.36,0.0
19181004T,0.46,0.46,0.46,0.46,0.0
19181011T,0.31,0.31,0.31,0.31,0.0
19191006T,0.34,0.34,0.34,0.34,0.0
19201001T,0.28,0.28,0.28,0.28,0.0
19181101T,0.38,0.38,0.38,0.38,0.0
19181108T,0.41,0.41,0.41,0.41,0.0
19191103T,0.35,0.35,0.35,0.35,0.0
19191110T,0.25,0.25,0.25,0.25,0.0
19201105T,0.34,0.34,0.34,0.34,0.0
19181206T,0.38,0.38,0.38,0.38,0.0
19191201T,0.21,0.21,0.21,0.21,0.0
19191208T,0.25,0.25,0.25,0.25,0.0
19201203T,0.32,0.32,0.32,0.32,0.0
19190103T,0.33,0.33,0.33,0.33,0.0
19190110T,0.38,0.38,0.38,0.38,0.0
19200105T,0.34,0.34,0.34,0.34,0.0
19200112T,0.38,0.38,0.38,0.38,0.0
19210107T,0.32,0.32,0.32,0.32,0.0
19190207T,0.4,0.4,0.4,0.4,0.0
19200202T,0.35,0.35,0.35,0.35,0.0
19200209T,0.39,0.39,0.39,0.39,0.0
19210204T,0.42,0.42,0.42,0.42,0.0
19190307T,0.37,0.37,0.37,0.37,0.0
19200302T,0.32,0.32,0.32,0.32,0.0
19200309T,0.37,0.37,0.37,0.37,0.0
19210304T,0.33,0.33,0.33,0.33,0.0
19190404T,0.35,0.35,0.35,0.35,0.0
19190411T,0.4,0.4,0.4,0.4,0.0
19200406T,0.38,0.38,0.38,0.38,0.0
19210401T,0.34,0.34,0.34,0.34,0.0
19190502T,0.39,0.39,0.39,0.39,0.0
19190509T,0.43,0.43,0.43,0.43,0.0
19200504T,0.3,0.3,0.3,0.3,0.0
19200511T,0.25,0.25,0.25,0.25,0.0
19210506T,0.25,0.25,0.25,0.25,0.0
19190606T,0.23,0.23,0.23,0.23,0.0
19200601T,0.27,0.27,0.27,0.27,0.0
19200608T,0.3,0.3,0.3,0.3,0.0
19210603T,0.3,0.3,0.3,0.3,0.0
19190703T,0.33,0.33,0.33,0.33,0.0
19190711T,0.34,0.34,0.34,0.34,0.0
19200706T,0.36,0.36,0.36,0.36,0.0
19210701T,0.32,0.32,0.32,0.32,0.0
19190801T,0.38,0.38,0.38,0.38,0.0
19190808T,0.22,0.22,0.22,0.22,0.0
19200803T,0.23,0.23,0.23,0.23,0.0
19200810T,0.27,0.27,0.27,0.27,0.0
19210805T,0.26,0.26,0.26,0.26,0.0
19190905T,0.29,0.29,0.29,0.29,0.0
19190912T,0.33,0.33,0.33,0.33,0.0
19200907T,0.35,0.35,0.35,0.35,0.0
19210902T,0.29,0.29,0.29,0.29,0.0
19191003T,0.21,0.21,0.21,0.21,0.0
19191010T,0.2,0.2,0.2,0.2,0.0
19201005T,0.34,0.34,0.34,0.34,0.0
19201012T,0.36,0.36,0.36,0.36,0.0
19211007T,0.34,0.34,0.34,0.34,0.0
19191107T,0.4,0.4,0.4,0.4,0.0
19201102T,0.41,0.41,0.41,0.41,0.0
19201109T,0.34,0.34,0.34,0.34,0.0
19211105T,0.34,0.34,0.34,0.34,0.0
19191205T,0.32,0.32,0.32,0.32,0.0
19191212T,0.38,0.38,0.38,0.38,0.0
19201207T,0.44,0.44,0.44,0.44,0.0
19211202T,0.42,0.42,0.42,0.42,0.0
19200102T,0.37,0.37,0.37,0.37,0.0
19200109T,0.33,0.33,0.33,0.33,0.0
19210104T,0.42,0.42,0.42,0.42,0.0
19210111T,0.46,0.46,0.46,0.46,0.0
19220106T,0.32,0.32,0.32,0.32,0.0
19200206T,0.34,0.34,0.34,0.34,0.0
19210201T,0.41,0.41,0.41,0.41,0.0
19210208T,0.41,0.41,0.41,0.41,0.0
19220203T,0.3,0.3,0.3,0.3,0.0
19200305T,0.39,0.39,0.39,0.39,0.0
19200312T,0.3,0.3,0.3,0.3,0.0
19210307T,0.34,0.34,0.34,0.34,0.0
19220302T,0.33,0.33,0.33,0.33,0.0
19200402T,0.34,0.34,0.34,0.34,0.0
19200409T,0.37,0.37,0.37,0.37,0.0
19210404T,0.35,0.35,0.35,0.35,0.0
19210411T,0.25,0.25,0.25,0.25,0.0
19220406T,0.31,0.31,0.31,0.31,0.0
19200507T,0.24,0.24,0.24,0.24,0.0
19210502T,0.23,0.23,0.23,0.23,0.0
19210509T,0.29,0.29,0.29,0.29,0.0
19220504T,0.33,0.33,0.33,0.33,0.0
19200604T,0.35,0.35,0.35,0.35,0.0
19200611T,0.34,0.34,0.34,0.34,0.0
19210606T,0.24,0.24,0.24,0.24,0.0
19220601T,0.24,0.24,0.24,0.24,0.0
19200702T,0.22,0.22,0.22,0.22,0.0
19200709T,0.27,0.27,0.27,0.27,0.0
19210704T,0.31,0.31,0.31,0.31,0.0
19210711T,0.26,0.26,0.26,0.26,0.0
19220706T,0.2,0.2,0.2,0.2,0.0
19200806T,0.23,0.23,0.23,0.23,0.0
19210801T,0.3,0.3,0.3,0.3,0.0
19210808T,0.3,0.3,0.3,0.3,0.0
19220803T,0.32,0.32,0.32,0.32,0.0
19200903T,0.31,0.31,0.31,0.31,0.0
19200910T,0.24,0.24,0.24,0.24,0.0
19210905T,0.32,0.32,0.32,0.32,0.0
19210912T,0.25,0.25,0.25,0.25,0.0
19201001T,0.26,0.26,0.26,0.26,0.0
19201008T,0.35,0.35,0.35,0.35,0.0
19211003T,0.35,0.35,0.35,0.35,0.0
19211010T,0.36,0.36,0.36,0.36,0.0
19221005T,0.35,0.35,0.35,0.35,0.0
19201105T,0.38,0.38,0.38,0.38,0.0
19201112T,0.56,0.56,0.56,0.56,0.0
19211107T,0.44,0.44,0.44,0.44,0.0
19221103T,0.47,0.47,0.47,0.47,0.0
19201203T,0.49,0.49,0.49,0.49,0.0
19201210T,0.48,0.48,0.48,0.48,0.0
19211205T,0.43,0.43,0.43,0.43,0.0
19211212T,0.44,0.44,0.44,0.44,0.0
19221207T,0.46,0.46,0.46,0.46,0.0
19210107T,0.45,0.45,0.45,0.45,0.0
19220109T,0.43,0.43,0.43,0.43,0.0
19230104T,0.38,0.38,0.38,0.38,0.0
19210204T,0.37,0.37,0.37,0.37,0.0
19210211T,0.45,0.45,0.45,0.45,0.0
19220206T,0.47,0.47,0.47,0.47,0.0
19230201T,0.46,0.46,0.46,0.46,0.0
19210304T,0.4,0.4,0.4,0.4,0.0
19210311T,0.49,0.49,0.49,0.49,0.0
19220306T,0.49,0.49,0.49,0.49,0.0
19230301T,0.51,0.51,0.51,0.51,0.0
19210401T,0.46,0.46,0.46,0.46,0.0
19210408T,0.57,0.57,0.57,0.57,0.0
19220403T,0.54,0.54,0.54,0.54,0.0
19220410T,0.53,0.53,0.53,0.53,0.0
19230405T,0.43,0.43,0.43,0.43,0.0
19210506T,0.44,0.44,0.44,0.44,0.0
19220501T,0.37,0.37,0.37,0.37,0.0
19220508T,0.37,0.37,0.37,0.37,0.0
19230503T,0.36,0.36,0.36,0.36,0.0
19210603T,0.44,0.44,0.44,0.44,0.0
19210610T,0.4,0.4,0.4,0.4,0.0
19220605T,0.41,0.41,0.41,0.41,0.0
19220612T,0.4,0.4,0.4,0.4,0.0
19210701T,0.49,0.49,0.49,0.49,0.0
19210708T,0.4,0.4,0.4,0.4,0.0
19220703T,0.36,0.36,0.36,0.36,0.0
19220710T,0.31,0.31,0.31,0.31,0.0
19230705T,0.36,0.36,0.36,0.36,0.0
19210805T,0.36,0.36,0.36,0.36,0.0
19210812T,0.37,0.37,0.37,0.37,0.0
19220807T,0.33,0.33,0.33,0.33,0.0
19230802T,0.4,0.4,0.4,0.4,0.0
19210902T,0.43,0.43,0.43,0.43,0.0
19210909T,0.39,0.39,0.39,0.39,0.0
19220904T,0.22,0.22,0.22,0.22,0.0
19220911T,0.3,0.3,0.3,0.3,0.0
19230906T,0.28,0.28,0.28,0.28,0.0
19211007T,0.25,0.25,0.25,0.25,0.0
19221002T,0.38,0.38,0.38,0.38,0.0
19221009T,0.47,0.47,0.47,0.47,0.0
19231003T,0.4,0.4,0.4,0.4,0.0
19211104T,0.42,0.42,0.42,0.42,0.0
19211111T,0.48,0.48,0.48,0.48,0.0
19221106T,0.39,0.39,0.39,0.39,0.0
19221112T,0.34,0.34,0.34,0.34,0.0
19211202T,0.27,0.27,0.27,0.27,0.0
19211209T,0.3,0.3,0.3,0.3,0.0
19221204T,0.25,0.25,0.25,0.25,0.0
19221211T,0.3,0.3,0.3,0.3,0.0
19231206T,0.38,0.38,0.38,0.38,0.0
19220106T,0.33,0.33,0.33,0.33,0.0
19230101T,0.25,0.25,0.25,0.25,0.0
19230108T,0.21,0.21,0.21,0.21,0.0
19240103T,0.23,0.23,0.23,0.23,0.0
19220203T,0.26,0.26,0.26,0.26,0.0
19220210T,0.24,0.24,0.24,0.24,0.0
19230205T,0.19,0.19,0.19,0.19,0.0
19230212T,0.23,0.23,0.23,0.23,0.0
19220303T,0.3,0.3,0.3,0.3,0.0
19220310T,0.24,0.24,0.24,0.24,0.0
19230305T,0.22,0.22,0.22,0.22,0.0
19230312T,0.33,0.33,0.33,0.33,0.0
19240307T,0.32,0.32,0.32,0.32,0.0
19220407T,0.25,0.25,0.25,0.25,0.0
19230402T,0.16,0.16,0.16,0.16,0.0
19230409T,0.19,0.19,0.19,0.19,0.0
19240404T,0.16,0.16,0.16,0.16,0.0
19220505T,0.27,0.27,0.27,0.27,0.0
19220512T,0.24,0.24,0.24,0.24,0.0
19230507T,0.26,0.26,0.26,0.26,0.0
19240502T,0.2,0.2,0.2,0.2,0.0
19220602T,0.32,0.32,0.32,0.32,0.0
19220609T,0.21,0.21,0.21,0.21,0.0
19230604T,0.19,0.19,0.19,0.19,0.0
19230611T,0.18,0.18,0.18,0.18,0.0
19240606T,0.23,0.23,0.23,0.23,0.0
19220707T,0.19,0.19,0.19,0.19,0.0
19230702T,0.27,0.27,0.27,0.27,0.0
19230709T,0.3,0.3,0.3,0.3,0.0
19240704T,0.28,0.28,0.28,0.28,0.0
19220804T,0.31,0.31,0.31,0.31,0.0
19220811T,0.32,0.32,0.32,0.32,0.0
19230806T,0.33,0.33,0.33,0.33,0.0
19240801T,0.28,0.28,0.28,0.28,0.0
19220901T,0.22,0.22,0.22,0.22,0.0
19220908T,0.18,0.18,0.18,0.18,0.0
19230903T,0.26,0.26,0.26,0.26,0.0
19230910T,0.18,0.18,0.18,0.18,0.0
19240905T,0.2,0.2,0.2,0.2,0.0
19221006T,0.24,0.24,0.24,0.24,0.0
19231001T,0.2,0.2,0.2,0.2,0.0
19231008T,0.23,0.23,0.23,0.23,0.0
19241003T,0.27,0.27,0.27,0.27,0.0
19221103T,0.31,0.31,0.31,0.31,0.0
19221110T,0.25,0.25,0.25,0.25,0.0
19231105T,0.33,0.33,0.33,0.33,0.0
19231112T,0.29,0.29,0.29,0.29,0.0
19221201T,0.24,0.24,0.24,0.24,0.0
19221208T,0.25,0.25,0.25,0.25,0.0
19231203T,0.24,0.24,0.24,0.24,0.0
19231210T,0.2,0.2,0.2,0.2,0.0
19241205T,0.26,0.26,0.26,0.26,0.0
19230105T,0.21,0.21,0.21,0.21,0.0
19230112T,0.24,0.24,0.24,0.24,0.0
19240107T,0.31,0.31,0.31,0.31,0.0
19250102T,0.28,0.28,0.28,0.28,0.0
19230202T,0.3,0.3,0.3,0.3,0.0
19230209T,0.38,0.38,0.38,0.38,0.0
19240204T,0.34,0.34,0.34,0.34,0.0
19240211T,0.22,0.22,0.22,0.22,0.0
19230302T,0.23,0.23,0.23,0.23,0.0
19230309T,0.25,0.25,0.25,0.25,0.0
19240304T,0.19,0.19,0.19,0.19,0.0
19240311T,0.21,0.21,0.21,0.21,0.0
19250306T,0.23,0.23,0.23,0.23,0.0
19230406T,0.33,0.33,0.33,0.33,0.0
19240401T,0.26,0.26,0.26,0.26,0.0
19240408T,0.27,0.27,0.27,0.27,0.0
19250403T,0.24,0.24,0.24,0.24,0.0
19230504T,0.24,0.24,0.24,0.24,0.0
19230511T,0.29,0.29,0.29,0.29,0.0
19240506T,0.23,0.23,0.23,0.23,0.0
19250501T,0.27,0.27,0.27,0.27,0.0
19230601T,0.29,0.29,0.29,0.29,0.0
19230608T,0.45,0.45,0.45,0.45,0.0
19240603T,0.45,0.45,0.45,0.45,0.0
19240610T,0.43,0.43,0.43,0.43,0.0
19250605T,0.42,0.42,0.42,0.42,0.0
19230706T,0.46,0.46,0.46,0.46,0.0
19240701T,0.41,0.41,0.41,0.41,0.0
19240708T,0.51,0.51,0.51,0.51,0.0
19250703T,0.45,0.45,0.45,0.45,0.0
19230803T,0.49,0.49,0.49,0.49,0.0
19230810T,0.45,0.45,0.45,0.45,0.0
19240805T,0.36,0.36,0.36,0.36,0.0
19240812T,0.32,0.32,0.32,0.32,0.0
19250807T,0.33,0.33,0.33,0.33,0.0
19230907T,0.42,0.42,0.42,0.42,0.0
19240902T,0.34,0.34,0.34,0.34,0.0
19240909T,0.31,0.31,0.31,0.31,0.0
19250904T,0.28,0.28,0.28,0.28,0.0
19231005T,0.3,0.3,0.3,0.3,0.0
19231012T,0.4,0.4,0.4,0.4,0.0
19241007T,0.34,0.34,0.34,0.34,0.0
19251002T,0.29,0.29,0.29,0.29,0.0
19231102T,0.24,0.24,0.24,0.24,0.0
19231109T,0.43,0.43,0.43,0.43,0.0
19241104T,0.44,0.44,0.44,0.44,0.0
